project,file,component,copy_source,keywords
McStas,./mcstas-comps/examples/DTU/Test_FZP_simple/Test_FZP_simple.instr,COPY(psd_monitor),psd_monitor,
McStas,./mcstas-comps/examples/DTU/Test_FZP_simple/Test_FZP_simple.instr,COPY(psd_monitor),psd_monitor,
McStas,./mcstas-comps/examples/DTU/Test_FZP_simple/Test_FZP_simple.instr,COPY(psd_monitor),psd_monitor,
McStas,./mcstas-comps/examples/DTU/Test_FZP_simple/Test_FZP_simple.instr,COPY(psd_monitor),psd_monitor,
McStas,./mcstas-comps/examples/DTU/Test_FZP_simple/Test_FZP_simple.instr,COPY(psd_monitor),psd_monitor,
McStas,./mcstas-comps/examples/DTU/Test_FZP_simple/Test_FZP_simple.instr,COPY(psd_monitor),psd_monitor,
McStas,./mcstas-comps/examples/DTU/Test_FZP_simple/Test_FZP_simple.instr,COPY(psd_monitor),psd_monitor,
McStas,./mcstas-comps/examples/DTU/Test_FZP_simple/Test_FZP_simple.instr,COPY(psd_monitor),psd_monitor,
McStas,./mcstas-comps/examples/DTU/Test_FZP_simple/Test_FZP_simple.instr,COPY(psd_monitor),psd_monitor,
McStas,./mcstas-comps/examples/FRMII/FRMII_SPODI/FRMII_SPODI.instr,in_pile_2,in_pile_1,
McStas,./mcstas-comps/examples/FRMII/FRMII_SPODI/FRMII_SPODI.instr,in_pile_3,in_pile_1,
McStas,./mcstas-comps/examples/FRMII/FRMII_SPODI/FRMII_SPODI.instr,SR8a,in_pile_1,
McStas,./mcstas-comps/examples/FRMII/FRMII_SPODI/FRMII_SPODI.instr,vacuumed_tube,in_pile_1,WHEN
McStas,./mcstas-comps/examples/FRMII/FRMII_SPODI/FRMII_SPODI.instr,sample_holder_back,sample_holder,WHEN
McStas,./mcstas-comps/examples/FRMII/FRMII_SPODI_MULTI/FRMII_SPODI_MULTI.instr,in_pile_2,in_pile_1,
McStas,./mcstas-comps/examples/FRMII/FRMII_SPODI_MULTI/FRMII_SPODI_MULTI.instr,in_pile_3,in_pile_1,
McStas,./mcstas-comps/examples/FRMII/FRMII_SPODI_MULTI/FRMII_SPODI_MULTI.instr,SR8a,in_pile_1,
McStas,./mcstas-comps/examples/FRMII/FRMII_SPODI_MULTI/FRMII_SPODI_MULTI.instr,vacuumed_tube,in_pile_1,WHEN
McStas,./mcstas-comps/examples/FRMII/FRMII_SPODI_MULTI/FRMII_SPODI_MULTI.instr,sample_holder_back,sample_holder,WHEN
McStas,./mcstas-comps/examples/FRMII/FRMII_SPODI_MULTI/FRMII_SPODI_MULTI.instr,soller_psd_lin_2,soller_psd_lin_1,GROUP
McStas,./mcstas-comps/examples/FRMII/FRMII_SPODI_MULTI/FRMII_SPODI_MULTI.instr,soller_psd_lin_3,soller_psd_lin_1,GROUP
McStas,./mcstas-comps/examples/FRMII/FRMII_SPODI_MULTI/FRMII_SPODI_MULTI.instr,soller_psd_lin_4,soller_psd_lin_1,GROUP
McStas,./mcstas-comps/examples/FRMII/FRMII_SPODI_MULTI/FRMII_SPODI_MULTI.instr,soller_psd_lin_5,soller_psd_lin_1,GROUP
McStas,./mcstas-comps/examples/FRMII/FRMII_SPODI_MULTI/FRMII_SPODI_MULTI.instr,soller_psd_lin_6,soller_psd_lin_1,GROUP
McStas,./mcstas-comps/examples/FRMII/FRMII_SPODI_MULTI/FRMII_SPODI_MULTI.instr,soller_psd_lin_7,soller_psd_lin_1,GROUP
McStas,./mcstas-comps/examples/FRMII/FRMII_SPODI_MULTI/FRMII_SPODI_MULTI.instr,soller_psd_lin_8,soller_psd_lin_1,GROUP
McStas,./mcstas-comps/examples/FRMII/FRMII_SPODI_MULTI/FRMII_SPODI_MULTI.instr,soller_psd_lin_9,soller_psd_lin_1,GROUP
McStas,./mcstas-comps/examples/FRMII/FRMII_SPODI_MULTI/FRMII_SPODI_MULTI.instr,soller_psd_lin_10,soller_psd_lin_1,GROUP
McStas,./mcstas-comps/examples/FRMII/FRMII_SPODI_MULTI/FRMII_SPODI_MULTI.instr,soller_psd_lin_11,soller_psd_lin_1,GROUP
McStas,./mcstas-comps/examples/FRMII/FRMII_SPODI_MULTI/FRMII_SPODI_MULTI.instr,soller_psd_lin_12,soller_psd_lin_1,GROUP
McStas,./mcstas-comps/examples/FRMII/FRMII_SPODI_MULTI/FRMII_SPODI_MULTI.instr,soller_psd_lin_13,soller_psd_lin_1,GROUP
McStas,./mcstas-comps/examples/FRMII/FRMII_SPODI_MULTI/FRMII_SPODI_MULTI.instr,soller_psd_lin_14,soller_psd_lin_1,GROUP
McStas,./mcstas-comps/examples/FRMII/FRMII_SPODI_MULTI/FRMII_SPODI_MULTI.instr,soller_psd_lin_15,soller_psd_lin_1,GROUP
McStas,./mcstas-comps/examples/FRMII/FRMII_SPODI_MULTI/FRMII_SPODI_MULTI.instr,soller_psd_lin_16,soller_psd_lin_1,GROUP
McStas,./mcstas-comps/examples/FRMII/FRMII_SPODI_MULTI/FRMII_SPODI_MULTI.instr,soller_psd_lin_17,soller_psd_lin_1,GROUP
McStas,./mcstas-comps/examples/FRMII/FRMII_SPODI_MULTI/FRMII_SPODI_MULTI.instr,soller_psd_lin_18,soller_psd_lin_1,GROUP
McStas,./mcstas-comps/examples/FRMII/FRMII_SPODI_MULTI/FRMII_SPODI_MULTI.instr,soller_psd_lin_19,soller_psd_lin_1,GROUP
McStas,./mcstas-comps/examples/FRMII/FRMII_SPODI_MULTI/FRMII_SPODI_MULTI.instr,soller_psd_lin_20,soller_psd_lin_1,GROUP
McStas,./mcstas-comps/examples/FRMII/FRMII_SPODI_MULTI/FRMII_SPODI_MULTI.instr,soller_psd_lin_21,soller_psd_lin_1,GROUP
McStas,./mcstas-comps/examples/FRMII/FRMII_SPODI_MULTI/FRMII_SPODI_MULTI.instr,soller_psd_lin_22,soller_psd_lin_1,GROUP
McStas,./mcstas-comps/examples/FRMII/FRMII_SPODI_MULTI/FRMII_SPODI_MULTI.instr,soller_psd_lin_23,soller_psd_lin_1,GROUP
McStas,./mcstas-comps/examples/FRMII/FRMII_SPODI_MULTI/FRMII_SPODI_MULTI.instr,soller_psd_lin_24,soller_psd_lin_1,GROUP
McStas,./mcstas-comps/examples/FRMII/FRMII_SPODI_MULTI/FRMII_SPODI_MULTI.instr,soller_psd_lin_25,soller_psd_lin_1,GROUP
McStas,./mcstas-comps/examples/FRMII/FRMII_SPODI_MULTI/FRMII_SPODI_MULTI.instr,soller_psd_lin_26,soller_psd_lin_1,GROUP
McStas,./mcstas-comps/examples/FRMII/FRMII_SPODI_MULTI/FRMII_SPODI_MULTI.instr,soller_psd_lin_27,soller_psd_lin_1,GROUP
McStas,./mcstas-comps/examples/FRMII/FRMII_SPODI_MULTI/FRMII_SPODI_MULTI.instr,soller_psd_lin_28,soller_psd_lin_1,GROUP
McStas,./mcstas-comps/examples/FRMII/FRMII_SPODI_MULTI/FRMII_SPODI_MULTI.instr,soller_psd_lin_29,soller_psd_lin_1,GROUP
McStas,./mcstas-comps/examples/FRMII/FRMII_SPODI_MULTI/FRMII_SPODI_MULTI.instr,soller_psd_lin_30,soller_psd_lin_1,GROUP
McStas,./mcstas-comps/examples/FRMII/FRMII_SPODI_MULTI/FRMII_SPODI_MULTI.instr,soller_psd_lin_31,soller_psd_lin_1,GROUP
McStas,./mcstas-comps/examples/FRMII/FRMII_SPODI_MULTI/FRMII_SPODI_MULTI.instr,soller_psd_lin_32,soller_psd_lin_1,GROUP
McStas,./mcstas-comps/examples/FRMII/FRMII_SPODI_MULTI/FRMII_SPODI_MULTI.instr,soller_psd_lin_33,soller_psd_lin_1,GROUP
McStas,./mcstas-comps/examples/FRMII/FRMII_SPODI_MULTI/FRMII_SPODI_MULTI.instr,soller_psd_lin_34,soller_psd_lin_1,GROUP
McStas,./mcstas-comps/examples/FRMII/FRMII_SPODI_MULTI/FRMII_SPODI_MULTI.instr,soller_psd_lin_35,soller_psd_lin_1,GROUP
McStas,./mcstas-comps/examples/FRMII/FRMII_SPODI_MULTI/FRMII_SPODI_MULTI.instr,soller_psd_lin_36,soller_psd_lin_1,GROUP
McStas,./mcstas-comps/examples/FRMII/FRMII_SPODI_MULTI/FRMII_SPODI_MULTI.instr,soller_psd_lin_37,soller_psd_lin_1,GROUP
McStas,./mcstas-comps/examples/FRMII/FRMII_SPODI_MULTI/FRMII_SPODI_MULTI.instr,soller_psd_lin_38,soller_psd_lin_1,GROUP
McStas,./mcstas-comps/examples/FRMII/FRMII_SPODI_MULTI/FRMII_SPODI_MULTI.instr,soller_psd_lin_39,soller_psd_lin_1,GROUP
McStas,./mcstas-comps/examples/FRMII/FRMII_SPODI_MULTI/FRMII_SPODI_MULTI.instr,soller_psd_lin_40,soller_psd_lin_1,GROUP
McStas,./mcstas-comps/examples/FRMII/FRMII_SPODI_MULTI/FRMII_SPODI_MULTI.instr,soller_psd_lin_41,soller_psd_lin_1,GROUP
McStas,./mcstas-comps/examples/FRMII/FRMII_SPODI_MULTI/FRMII_SPODI_MULTI.instr,soller_psd_lin_42,soller_psd_lin_1,GROUP
McStas,./mcstas-comps/examples/FRMII/FRMII_SPODI_MULTI/FRMII_SPODI_MULTI.instr,soller_psd_lin_43,soller_psd_lin_1,GROUP
McStas,./mcstas-comps/examples/FRMII/FRMII_SPODI_MULTI/FRMII_SPODI_MULTI.instr,soller_psd_lin_44,soller_psd_lin_1,GROUP
McStas,./mcstas-comps/examples/FRMII/FRMII_SPODI_MULTI/FRMII_SPODI_MULTI.instr,soller_psd_lin_45,soller_psd_lin_1,GROUP
McStas,./mcstas-comps/examples/FRMII/FRMII_SPODI_MULTI/FRMII_SPODI_MULTI.instr,soller_psd_lin_46,soller_psd_lin_1,GROUP
McStas,./mcstas-comps/examples/FRMII/FRMII_SPODI_MULTI/FRMII_SPODI_MULTI.instr,soller_psd_lin_47,soller_psd_lin_1,GROUP
McStas,./mcstas-comps/examples/FRMII/FRMII_SPODI_MULTI/FRMII_SPODI_MULTI.instr,soller_psd_lin_48,soller_psd_lin_1,GROUP
McStas,./mcstas-comps/examples/FRMII/FRMII_SPODI_MULTI/FRMII_SPODI_MULTI.instr,soller_psd_lin_49,soller_psd_lin_1,GROUP
McStas,./mcstas-comps/examples/FRMII/FRMII_SPODI_MULTI/FRMII_SPODI_MULTI.instr,soller_psd_lin_50,soller_psd_lin_1,GROUP
McStas,./mcstas-comps/examples/FRMII/FRMII_SPODI_MULTI/FRMII_SPODI_MULTI.instr,soller_psd_lin_51,soller_psd_lin_1,GROUP
McStas,./mcstas-comps/examples/FRMII/FRMII_SPODI_MULTI/FRMII_SPODI_MULTI.instr,soller_psd_lin_52,soller_psd_lin_1,GROUP
McStas,./mcstas-comps/examples/FRMII/FRMII_SPODI_MULTI/FRMII_SPODI_MULTI.instr,soller_psd_lin_53,soller_psd_lin_1,GROUP
McStas,./mcstas-comps/examples/FRMII/FRMII_SPODI_MULTI/FRMII_SPODI_MULTI.instr,soller_psd_lin_54,soller_psd_lin_1,GROUP
McStas,./mcstas-comps/examples/FRMII/FRMII_SPODI_MULTI/FRMII_SPODI_MULTI.instr,soller_psd_lin_55,soller_psd_lin_1,GROUP
McStas,./mcstas-comps/examples/FRMII/FRMII_SPODI_MULTI/FRMII_SPODI_MULTI.instr,soller_psd_lin_56,soller_psd_lin_1,GROUP
McStas,./mcstas-comps/examples/FRMII/FRMII_SPODI_MULTI/FRMII_SPODI_MULTI.instr,soller_psd_lin_57,soller_psd_lin_1,GROUP
McStas,./mcstas-comps/examples/FRMII/FRMII_SPODI_MULTI/FRMII_SPODI_MULTI.instr,soller_psd_lin_58,soller_psd_lin_1,GROUP
McStas,./mcstas-comps/examples/FRMII/FRMII_SPODI_MULTI/FRMII_SPODI_MULTI.instr,soller_psd_lin_59,soller_psd_lin_1,GROUP
McStas,./mcstas-comps/examples/FRMII/FRMII_SPODI_MULTI/FRMII_SPODI_MULTI.instr,soller_psd_lin_60,soller_psd_lin_1,GROUP
McStas,./mcstas-comps/examples/FRMII/FRMII_SPODI_MULTI/FRMII_SPODI_MULTI.instr,soller_psd_lin_61,soller_psd_lin_1,GROUP
McStas,./mcstas-comps/examples/FRMII/FRMII_SPODI_MULTI/FRMII_SPODI_MULTI.instr,soller_psd_lin_62,soller_psd_lin_1,GROUP
McStas,./mcstas-comps/examples/FRMII/FRMII_SPODI_MULTI/FRMII_SPODI_MULTI.instr,soller_psd_lin_63,soller_psd_lin_1,GROUP
McStas,./mcstas-comps/examples/FRMII/FRMII_SPODI_MULTI/FRMII_SPODI_MULTI.instr,soller_psd_lin_64,soller_psd_lin_1,GROUP
McStas,./mcstas-comps/examples/FRMII/FRMII_SPODI_MULTI/FRMII_SPODI_MULTI.instr,soller_psd_lin_65,soller_psd_lin_1,GROUP
McStas,./mcstas-comps/examples/FRMII/FRMII_SPODI_MULTI/FRMII_SPODI_MULTI.instr,soller_psd_lin_66,soller_psd_lin_1,GROUP
McStas,./mcstas-comps/examples/FRMII/FRMII_SPODI_MULTI/FRMII_SPODI_MULTI.instr,soller_psd_lin_67,soller_psd_lin_1,GROUP
McStas,./mcstas-comps/examples/FRMII/FRMII_SPODI_MULTI/FRMII_SPODI_MULTI.instr,soller_psd_lin_68,soller_psd_lin_1,GROUP
McStas,./mcstas-comps/examples/FRMII/FRMII_SPODI_MULTI/FRMII_SPODI_MULTI.instr,soller_psd_lin_69,soller_psd_lin_1,GROUP
McStas,./mcstas-comps/examples/FRMII/FRMII_SPODI_MULTI/FRMII_SPODI_MULTI.instr,soller_psd_lin_70,soller_psd_lin_1,GROUP
McStas,./mcstas-comps/examples/FRMII/FRMII_SPODI_MULTI/FRMII_SPODI_MULTI.instr,soller_psd_lin_71,soller_psd_lin_1,GROUP
McStas,./mcstas-comps/examples/FRMII/FRMII_SPODI_MULTI/FRMII_SPODI_MULTI.instr,soller_psd_lin_72,soller_psd_lin_1,GROUP
McStas,./mcstas-comps/examples/FRMII/FRMII_SPODI_MULTI/FRMII_SPODI_MULTI.instr,soller_psd_lin_73,soller_psd_lin_1,GROUP
McStas,./mcstas-comps/examples/FRMII/FRMII_SPODI_MULTI/FRMII_SPODI_MULTI.instr,soller_psd_lin_74,soller_psd_lin_1,GROUP
McStas,./mcstas-comps/examples/FRMII/FRMII_SPODI_MULTI/FRMII_SPODI_MULTI.instr,soller_psd_lin_75,soller_psd_lin_1,GROUP
McStas,./mcstas-comps/examples/FRMII/FRMII_SPODI_MULTI/FRMII_SPODI_MULTI.instr,soller_psd_lin_76,soller_psd_lin_1,GROUP
McStas,./mcstas-comps/examples/FRMII/FRMII_SPODI_MULTI/FRMII_SPODI_MULTI.instr,soller_psd_lin_77,soller_psd_lin_1,GROUP
McStas,./mcstas-comps/examples/FRMII/FRMII_SPODI_MULTI/FRMII_SPODI_MULTI.instr,soller_psd_lin_78,soller_psd_lin_1,GROUP
McStas,./mcstas-comps/examples/FRMII/FRMII_SPODI_MULTI/FRMII_SPODI_MULTI.instr,soller_psd_lin_79,soller_psd_lin_1,GROUP
McStas,./mcstas-comps/examples/FRMII/FRMII_SPODI_MULTI/FRMII_SPODI_MULTI.instr,soller_psd_lin_80,soller_psd_lin_1,GROUP
McStas,./mcstas-comps/examples/FRMII/FRMII_SPODI_MULTI/FRMII_SPODI_MULTI.instr,psd_lin_2,psd_lin_1,GROUP
McStas,./mcstas-comps/examples/FRMII/FRMII_SPODI_MULTI/FRMII_SPODI_MULTI.instr,psd_lin_3,psd_lin_1,GROUP
McStas,./mcstas-comps/examples/FRMII/FRMII_SPODI_MULTI/FRMII_SPODI_MULTI.instr,psd_lin_4,psd_lin_1,GROUP
McStas,./mcstas-comps/examples/FRMII/FRMII_SPODI_MULTI/FRMII_SPODI_MULTI.instr,psd_lin_5,psd_lin_1,GROUP
McStas,./mcstas-comps/examples/FRMII/FRMII_SPODI_MULTI/FRMII_SPODI_MULTI.instr,psd_lin_6,psd_lin_1,GROUP
McStas,./mcstas-comps/examples/FRMII/FRMII_SPODI_MULTI/FRMII_SPODI_MULTI.instr,psd_lin_7,psd_lin_1,GROUP
McStas,./mcstas-comps/examples/FRMII/FRMII_SPODI_MULTI/FRMII_SPODI_MULTI.instr,psd_lin_8,psd_lin_1,GROUP
McStas,./mcstas-comps/examples/FRMII/FRMII_SPODI_MULTI/FRMII_SPODI_MULTI.instr,psd_lin_9,psd_lin_1,GROUP
McStas,./mcstas-comps/examples/FRMII/FRMII_SPODI_MULTI/FRMII_SPODI_MULTI.instr,psd_lin_10,psd_lin_1,GROUP
McStas,./mcstas-comps/examples/FRMII/FRMII_SPODI_MULTI/FRMII_SPODI_MULTI.instr,psd_lin_11,psd_lin_1,GROUP
McStas,./mcstas-comps/examples/FRMII/FRMII_SPODI_MULTI/FRMII_SPODI_MULTI.instr,psd_lin_12,psd_lin_1,GROUP
McStas,./mcstas-comps/examples/FRMII/FRMII_SPODI_MULTI/FRMII_SPODI_MULTI.instr,psd_lin_13,psd_lin_1,GROUP
McStas,./mcstas-comps/examples/FRMII/FRMII_SPODI_MULTI/FRMII_SPODI_MULTI.instr,psd_lin_14,psd_lin_1,GROUP
McStas,./mcstas-comps/examples/FRMII/FRMII_SPODI_MULTI/FRMII_SPODI_MULTI.instr,psd_lin_15,psd_lin_1,GROUP
McStas,./mcstas-comps/examples/FRMII/FRMII_SPODI_MULTI/FRMII_SPODI_MULTI.instr,psd_lin_16,psd_lin_1,GROUP
McStas,./mcstas-comps/examples/FRMII/FRMII_SPODI_MULTI/FRMII_SPODI_MULTI.instr,psd_lin_17,psd_lin_1,GROUP
McStas,./mcstas-comps/examples/FRMII/FRMII_SPODI_MULTI/FRMII_SPODI_MULTI.instr,psd_lin_18,psd_lin_1,GROUP
McStas,./mcstas-comps/examples/FRMII/FRMII_SPODI_MULTI/FRMII_SPODI_MULTI.instr,psd_lin_19,psd_lin_1,GROUP
McStas,./mcstas-comps/examples/FRMII/FRMII_SPODI_MULTI/FRMII_SPODI_MULTI.instr,psd_lin_20,psd_lin_1,GROUP
McStas,./mcstas-comps/examples/FRMII/FRMII_SPODI_MULTI/FRMII_SPODI_MULTI.instr,psd_lin_21,psd_lin_1,GROUP
McStas,./mcstas-comps/examples/FRMII/FRMII_SPODI_MULTI/FRMII_SPODI_MULTI.instr,psd_lin_22,psd_lin_1,GROUP
McStas,./mcstas-comps/examples/FRMII/FRMII_SPODI_MULTI/FRMII_SPODI_MULTI.instr,psd_lin_23,psd_lin_1,GROUP
McStas,./mcstas-comps/examples/FRMII/FRMII_SPODI_MULTI/FRMII_SPODI_MULTI.instr,psd_lin_24,psd_lin_1,GROUP
McStas,./mcstas-comps/examples/FRMII/FRMII_SPODI_MULTI/FRMII_SPODI_MULTI.instr,psd_lin_25,psd_lin_1,GROUP
McStas,./mcstas-comps/examples/FRMII/FRMII_SPODI_MULTI/FRMII_SPODI_MULTI.instr,psd_lin_26,psd_lin_1,GROUP
McStas,./mcstas-comps/examples/FRMII/FRMII_SPODI_MULTI/FRMII_SPODI_MULTI.instr,psd_lin_27,psd_lin_1,GROUP
McStas,./mcstas-comps/examples/FRMII/FRMII_SPODI_MULTI/FRMII_SPODI_MULTI.instr,psd_lin_28,psd_lin_1,GROUP
McStas,./mcstas-comps/examples/FRMII/FRMII_SPODI_MULTI/FRMII_SPODI_MULTI.instr,psd_lin_29,psd_lin_1,GROUP
McStas,./mcstas-comps/examples/FRMII/FRMII_SPODI_MULTI/FRMII_SPODI_MULTI.instr,psd_lin_30,psd_lin_1,GROUP
McStas,./mcstas-comps/examples/FRMII/FRMII_SPODI_MULTI/FRMII_SPODI_MULTI.instr,psd_lin_31,psd_lin_1,GROUP
McStas,./mcstas-comps/examples/FRMII/FRMII_SPODI_MULTI/FRMII_SPODI_MULTI.instr,psd_lin_32,psd_lin_1,GROUP
McStas,./mcstas-comps/examples/FRMII/FRMII_SPODI_MULTI/FRMII_SPODI_MULTI.instr,psd_lin_33,psd_lin_1,GROUP
McStas,./mcstas-comps/examples/FRMII/FRMII_SPODI_MULTI/FRMII_SPODI_MULTI.instr,psd_lin_34,psd_lin_1,GROUP
McStas,./mcstas-comps/examples/FRMII/FRMII_SPODI_MULTI/FRMII_SPODI_MULTI.instr,psd_lin_35,psd_lin_1,GROUP
McStas,./mcstas-comps/examples/FRMII/FRMII_SPODI_MULTI/FRMII_SPODI_MULTI.instr,psd_lin_36,psd_lin_1,GROUP
McStas,./mcstas-comps/examples/FRMII/FRMII_SPODI_MULTI/FRMII_SPODI_MULTI.instr,psd_lin_37,psd_lin_1,GROUP
McStas,./mcstas-comps/examples/FRMII/FRMII_SPODI_MULTI/FRMII_SPODI_MULTI.instr,psd_lin_38,psd_lin_1,GROUP
McStas,./mcstas-comps/examples/FRMII/FRMII_SPODI_MULTI/FRMII_SPODI_MULTI.instr,psd_lin_39,psd_lin_1,GROUP
McStas,./mcstas-comps/examples/FRMII/FRMII_SPODI_MULTI/FRMII_SPODI_MULTI.instr,psd_lin_40,psd_lin_1,GROUP
McStas,./mcstas-comps/examples/FRMII/FRMII_SPODI_MULTI/FRMII_SPODI_MULTI.instr,psd_lin_41,psd_lin_1,GROUP
McStas,./mcstas-comps/examples/FRMII/FRMII_SPODI_MULTI/FRMII_SPODI_MULTI.instr,psd_lin_42,psd_lin_1,GROUP
McStas,./mcstas-comps/examples/FRMII/FRMII_SPODI_MULTI/FRMII_SPODI_MULTI.instr,psd_lin_43,psd_lin_1,GROUP
McStas,./mcstas-comps/examples/FRMII/FRMII_SPODI_MULTI/FRMII_SPODI_MULTI.instr,psd_lin_44,psd_lin_1,GROUP
McStas,./mcstas-comps/examples/FRMII/FRMII_SPODI_MULTI/FRMII_SPODI_MULTI.instr,psd_lin_45,psd_lin_1,GROUP
McStas,./mcstas-comps/examples/FRMII/FRMII_SPODI_MULTI/FRMII_SPODI_MULTI.instr,psd_lin_46,psd_lin_1,GROUP
McStas,./mcstas-comps/examples/FRMII/FRMII_SPODI_MULTI/FRMII_SPODI_MULTI.instr,psd_lin_47,psd_lin_1,GROUP
McStas,./mcstas-comps/examples/FRMII/FRMII_SPODI_MULTI/FRMII_SPODI_MULTI.instr,psd_lin_48,psd_lin_1,GROUP
McStas,./mcstas-comps/examples/FRMII/FRMII_SPODI_MULTI/FRMII_SPODI_MULTI.instr,psd_lin_49,psd_lin_1,GROUP
McStas,./mcstas-comps/examples/FRMII/FRMII_SPODI_MULTI/FRMII_SPODI_MULTI.instr,psd_lin_50,psd_lin_1,GROUP
McStas,./mcstas-comps/examples/FRMII/FRMII_SPODI_MULTI/FRMII_SPODI_MULTI.instr,psd_lin_51,psd_lin_1,GROUP
McStas,./mcstas-comps/examples/FRMII/FRMII_SPODI_MULTI/FRMII_SPODI_MULTI.instr,psd_lin_52,psd_lin_1,GROUP
McStas,./mcstas-comps/examples/FRMII/FRMII_SPODI_MULTI/FRMII_SPODI_MULTI.instr,psd_lin_53,psd_lin_1,GROUP
McStas,./mcstas-comps/examples/FRMII/FRMII_SPODI_MULTI/FRMII_SPODI_MULTI.instr,psd_lin_54,psd_lin_1,GROUP
McStas,./mcstas-comps/examples/FRMII/FRMII_SPODI_MULTI/FRMII_SPODI_MULTI.instr,psd_lin_55,psd_lin_1,GROUP
McStas,./mcstas-comps/examples/FRMII/FRMII_SPODI_MULTI/FRMII_SPODI_MULTI.instr,psd_lin_56,psd_lin_1,GROUP
McStas,./mcstas-comps/examples/FRMII/FRMII_SPODI_MULTI/FRMII_SPODI_MULTI.instr,psd_lin_57,psd_lin_1,GROUP
McStas,./mcstas-comps/examples/FRMII/FRMII_SPODI_MULTI/FRMII_SPODI_MULTI.instr,psd_lin_58,psd_lin_1,GROUP
McStas,./mcstas-comps/examples/FRMII/FRMII_SPODI_MULTI/FRMII_SPODI_MULTI.instr,psd_lin_59,psd_lin_1,GROUP
McStas,./mcstas-comps/examples/FRMII/FRMII_SPODI_MULTI/FRMII_SPODI_MULTI.instr,psd_lin_60,psd_lin_1,GROUP
McStas,./mcstas-comps/examples/FRMII/FRMII_SPODI_MULTI/FRMII_SPODI_MULTI.instr,psd_lin_61,psd_lin_1,GROUP
McStas,./mcstas-comps/examples/FRMII/FRMII_SPODI_MULTI/FRMII_SPODI_MULTI.instr,psd_lin_62,psd_lin_1,GROUP
McStas,./mcstas-comps/examples/FRMII/FRMII_SPODI_MULTI/FRMII_SPODI_MULTI.instr,psd_lin_63,psd_lin_1,GROUP
McStas,./mcstas-comps/examples/FRMII/FRMII_SPODI_MULTI/FRMII_SPODI_MULTI.instr,psd_lin_64,psd_lin_1,GROUP
McStas,./mcstas-comps/examples/FRMII/FRMII_SPODI_MULTI/FRMII_SPODI_MULTI.instr,psd_lin_65,psd_lin_1,GROUP
McStas,./mcstas-comps/examples/FRMII/FRMII_SPODI_MULTI/FRMII_SPODI_MULTI.instr,psd_lin_66,psd_lin_1,GROUP
McStas,./mcstas-comps/examples/FRMII/FRMII_SPODI_MULTI/FRMII_SPODI_MULTI.instr,psd_lin_67,psd_lin_1,GROUP
McStas,./mcstas-comps/examples/FRMII/FRMII_SPODI_MULTI/FRMII_SPODI_MULTI.instr,psd_lin_68,psd_lin_1,GROUP
McStas,./mcstas-comps/examples/FRMII/FRMII_SPODI_MULTI/FRMII_SPODI_MULTI.instr,psd_lin_69,psd_lin_1,GROUP
McStas,./mcstas-comps/examples/FRMII/FRMII_SPODI_MULTI/FRMII_SPODI_MULTI.instr,psd_lin_70,psd_lin_1,GROUP
McStas,./mcstas-comps/examples/FRMII/FRMII_SPODI_MULTI/FRMII_SPODI_MULTI.instr,psd_lin_71,psd_lin_1,GROUP
McStas,./mcstas-comps/examples/FRMII/FRMII_SPODI_MULTI/FRMII_SPODI_MULTI.instr,psd_lin_72,psd_lin_1,GROUP
McStas,./mcstas-comps/examples/FRMII/FRMII_SPODI_MULTI/FRMII_SPODI_MULTI.instr,psd_lin_73,psd_lin_1,GROUP
McStas,./mcstas-comps/examples/FRMII/FRMII_SPODI_MULTI/FRMII_SPODI_MULTI.instr,psd_lin_74,psd_lin_1,GROUP
McStas,./mcstas-comps/examples/FRMII/FRMII_SPODI_MULTI/FRMII_SPODI_MULTI.instr,psd_lin_75,psd_lin_1,GROUP
McStas,./mcstas-comps/examples/FRMII/FRMII_SPODI_MULTI/FRMII_SPODI_MULTI.instr,psd_lin_76,psd_lin_1,GROUP
McStas,./mcstas-comps/examples/FRMII/FRMII_SPODI_MULTI/FRMII_SPODI_MULTI.instr,psd_lin_77,psd_lin_1,GROUP
McStas,./mcstas-comps/examples/FRMII/FRMII_SPODI_MULTI/FRMII_SPODI_MULTI.instr,psd_lin_78,psd_lin_1,GROUP
McStas,./mcstas-comps/examples/FRMII/FRMII_SPODI_MULTI/FRMII_SPODI_MULTI.instr,psd_lin_79,psd_lin_1,GROUP
McStas,./mcstas-comps/examples/FRMII/FRMII_SPODI_MULTI/FRMII_SPODI_MULTI.instr,psd_lin_80,psd_lin_1,GROUP
McStas,./mcstas-comps/examples/HZB/HZB_NEAT/HZB_NEAT.instr,COPY(Guide0),Guide0,
McStas,./mcstas-comps/examples/HZB/HZB_NEAT/HZB_NEAT.instr,COPY(Guide0),Guide0,
McStas,./mcstas-comps/examples/HZB/HZB_NEAT/HZB_NEAT.instr,COPY(Guide0),Guide0,
McStas,./mcstas-comps/examples/HZB/HZB_NEAT/HZB_NEAT.instr,COPY(Guide0),Guide0,
McStas,./mcstas-comps/examples/HZB/HZB_NEAT/HZB_NEAT.instr,COPY(Guide0),Guide0,
McStas,./mcstas-comps/examples/HZB/HZB_NEAT/HZB_NEAT.instr,COPY(Guide0),Guide0,
McStas,./mcstas-comps/examples/HZB/HZB_NEAT/HZB_NEAT.instr,COPY(Guide0),Guide0,
McStas,./mcstas-comps/examples/HZB/HZB_NEAT/HZB_NEAT.instr,COPY(Guide0),Guide0,
McStas,./mcstas-comps/examples/HZB/HZB_NEAT/HZB_NEAT.instr,COPY(Guide0),Guide0,
McStas,./mcstas-comps/examples/HZB/HZB_NEAT/HZB_NEAT.instr,COPY(Guide0),Guide0,
McStas,./mcstas-comps/examples/HZB/HZB_NEAT/HZB_NEAT.instr,COPY(Guide0),Guide0,
McStas,./mcstas-comps/examples/HZB/HZB_NEAT/HZB_NEAT.instr,COPY(Guide0),Guide0,
McStas,./mcstas-comps/examples/HZB/HZB_NEAT/HZB_NEAT.instr,COPY(Guide0),Guide0,
McStas,./mcstas-comps/examples/HZB/HZB_NEAT/HZB_NEAT.instr,COPY(Guide0),Guide0,
McStas,./mcstas-comps/examples/HZB/HZB_NEAT/HZB_NEAT.instr,COPY(Guide0),Guide0,
McStas,./mcstas-comps/examples/HZB/HZB_NEAT/HZB_NEAT.instr,COPY(Guide0),Guide0,
McStas,./mcstas-comps/examples/HZB/HZB_NEAT/HZB_NEAT.instr,Guide_SGS1,Guide0,
McStas,./mcstas-comps/examples/HZB/HZB_NEAT/HZB_NEAT.instr,Guide_SGS2,Guide0,
McStas,./mcstas-comps/examples/HZB/HZB_NEAT/HZB_NEAT.instr,Guide_SGS3,Guide0,
McStas,./mcstas-comps/examples/HZB/HZB_NEAT/HZB_NEAT.instr,Guide_CGS,Guide0,
McStas,./mcstas-comps/examples/HZB/HZB_NEAT/HZB_NEAT.instr,Guide_time,Guide_PSD,
McStas,./mcstas-comps/examples/HZB/HZB_NEAT/HZB_NEAT.instr,Guide_DGS,Guide0,
McStas,./mcstas-comps/examples/HighNESS/WOFSANS/WOFSANS.instr,PSD_10,psd_cEH,
McStas,./mcstas-comps/examples/HighNESS/WOFSANS/WOFSANS.instr,PSD_11,psd_cEH,
McStas,./mcstas-comps/examples/HighNESS/WOFSANS/WOFSANS.instr,PSD_12,psd_cEH,
McStas,./mcstas-comps/examples/HighNESS/WOFSANS/WOFSANS.instr,PSD_13,psd_cEH,
McStas,./mcstas-comps/examples/HighNESS/WOFSANS/WOFSANS.instr,l_10,l_cEH,
McStas,./mcstas-comps/examples/HighNESS/WOFSANS/WOFSANS.instr,l_11,l_cEH,
McStas,./mcstas-comps/examples/HighNESS/WOFSANS/WOFSANS.instr,l_12,l_cEH,
McStas,./mcstas-comps/examples/HighNESS/WOFSANS/WOFSANS.instr,l_13,l_cEH,
McStas,./mcstas-comps/examples/HighNESS/WOFSANS/WOFSANS.instr,divergence_monitor_10,divergence_monitor_cEH,
McStas,./mcstas-comps/examples/HighNESS/WOFSANS/WOFSANS.instr,divergence_monitor_11,divergence_monitor_cEH,
McStas,./mcstas-comps/examples/HighNESS/WOFSANS/WOFSANS.instr,divergence_monitor_12,divergence_monitor_cEH,
McStas,./mcstas-comps/examples/HighNESS/WOFSANS/WOFSANS.instr,divergence_monitor_13,divergence_monitor_cEH,
McStas,./mcstas-comps/examples/HighNESS/WOFSANS/WOFSANS.instr,divlambda_10,h_divlambda_cEH,
McStas,./mcstas-comps/examples/HighNESS/WOFSANS/WOFSANS.instr,h_divlambda_11,h_divlambda_cEH,
McStas,./mcstas-comps/examples/HighNESS/WOFSANS/WOFSANS.instr,h_divlambda_12,h_divlambda_cEH,
McStas,./mcstas-comps/examples/HighNESS/WOFSANS/WOFSANS.instr,h_divlambda_13,h_divlambda_cEH,
McStas,./mcstas-comps/examples/HighNESS/WOFSANS/WOFSANS.instr,v_divlambda_10,v_divlambda_cEH,
McStas,./mcstas-comps/examples/HighNESS/WOFSANS/WOFSANS.instr,v_divlambda_11,v_divlambda_cEH,
McStas,./mcstas-comps/examples/HighNESS/WOFSANS/WOFSANS.instr,v_divlambda_12,v_divlambda_cEH,
McStas,./mcstas-comps/examples/HighNESS/WOFSANS/WOFSANS.instr,v_divlambda_13,v_divlambda_cEH,
McStas,./mcstas-comps/examples/ILL/ILL_BRISP/ILL_BRISP.instr,Container_out,Container_in,EXTEND
McStas,./mcstas-comps/examples/ILL/ILL_BRISP/ILL_BRISP.instr,Environment_out,Environment_in,EXTEND
McStas,./mcstas-comps/examples/ILL/ILL_D2B/ILL_D2B.instr,Container_out,Container_in,
McStas,./mcstas-comps/examples/ILL/ILL_H113/ILL_H113.instr,H113_2_2,PREVIOUS,
McStas,./mcstas-comps/examples/ILL/ILL_H113/ILL_H113.instr,H113_2_3,PREVIOUS,
McStas,./mcstas-comps/examples/ILL/ILL_H113/ILL_H113.instr,H113_2_4,PREVIOUS,
McStas,./mcstas-comps/examples/ILL/ILL_H113/ILL_H113.instr,H113_2_5,PREVIOUS,
McStas,./mcstas-comps/examples/ILL/ILL_H113/ILL_H113.instr,H113_2_6,PREVIOUS,
McStas,./mcstas-comps/examples/ILL/ILL_H113/ILL_H113.instr,H113_3_2,PREVIOUS,
McStas,./mcstas-comps/examples/ILL/ILL_H113/ILL_H113.instr,H113_3_3,PREVIOUS,
McStas,./mcstas-comps/examples/ILL/ILL_H113/ILL_H113.instr,H113_5_2,PREVIOUS,
McStas,./mcstas-comps/examples/ILL/ILL_H113/ILL_H113.instr,H113_5_3,PREVIOUS,
McStas,./mcstas-comps/examples/ILL/ILL_H113/ILL_H113.instr,H113_5_4,PREVIOUS,
McStas,./mcstas-comps/examples/ILL/ILL_H113/ILL_H113.instr,H113_5_5,PREVIOUS,
McStas,./mcstas-comps/examples/ILL/ILL_H113/ILL_H113.instr,H113_5_6,PREVIOUS,
McStas,./mcstas-comps/examples/ILL/ILL_H113/ILL_H113.instr,H113_5_7,PREVIOUS,
McStas,./mcstas-comps/examples/ILL/ILL_H113/ILL_H113.instr,H113_5_8,PREVIOUS,
McStas,./mcstas-comps/examples/ILL/ILL_H113/ILL_H113.instr,H113_5_9,PREVIOUS,
McStas,./mcstas-comps/examples/ILL/ILL_H113/ILL_H113.instr,H113_5_10,PREVIOUS,
McStas,./mcstas-comps/examples/ILL/ILL_H113/ILL_H113.instr,H113_5_11,PREVIOUS,
McStas,./mcstas-comps/examples/ILL/ILL_H113/ILL_H113.instr,H113_6_2,PREVIOUS,
McStas,./mcstas-comps/examples/ILL/ILL_H113/ILL_H113.instr,H113_6_3,PREVIOUS,
McStas,./mcstas-comps/examples/ILL/ILL_H113/ILL_H113.instr,H113_6_4,PREVIOUS,
McStas,./mcstas-comps/examples/ILL/ILL_H113/ILL_H113.instr,H113_6_5,PREVIOUS,
McStas,./mcstas-comps/examples/ILL/ILL_H113/ILL_H113.instr,H113_6_6,PREVIOUS,
McStas,./mcstas-comps/examples/ILL/ILL_H113/ILL_H113.instr,H113_6_7,PREVIOUS,
McStas,./mcstas-comps/examples/ILL/ILL_H113/ILL_H113.instr,H113_6_8,PREVIOUS,
McStas,./mcstas-comps/examples/ILL/ILL_H113/ILL_H113.instr,H113_6_9,PREVIOUS,
McStas,./mcstas-comps/examples/ILL/ILL_H113/ILL_H113.instr,H113_6_10,PREVIOUS,
McStas,./mcstas-comps/examples/ILL/ILL_H113/ILL_H113.instr,H113_6_11,PREVIOUS,
McStas,./mcstas-comps/examples/ILL/ILL_H113/ILL_H113.instr,H113_7_2,PREVIOUS,
McStas,./mcstas-comps/examples/ILL/ILL_H113/ILL_H113.instr,H113_7_3,PREVIOUS,
McStas,./mcstas-comps/examples/ILL/ILL_H113/ILL_H113.instr,H113_7_4,PREVIOUS,
McStas,./mcstas-comps/examples/ILL/ILL_H113/ILL_H113.instr,H113_7_5,PREVIOUS,
McStas,./mcstas-comps/examples/ILL/ILL_H113/ILL_H113.instr,H113_7_6,PREVIOUS,
McStas,./mcstas-comps/examples/ILL/ILL_H113/ILL_H113.instr,H113_7_7,PREVIOUS,
McStas,./mcstas-comps/examples/ILL/ILL_H113/ILL_H113.instr,H113_7_8,PREVIOUS,
McStas,./mcstas-comps/examples/ILL/ILL_H113/ILL_H113.instr,H113_7_9,PREVIOUS,
McStas,./mcstas-comps/examples/ILL/ILL_H113/ILL_H113.instr,H113_7_10,PREVIOUS,
McStas,./mcstas-comps/examples/ILL/ILL_H113/ILL_H113.instr,H113_7_11,PREVIOUS,
McStas,./mcstas-comps/examples/ILL/ILL_H113/ILL_H113.instr,H113_8_2,PREVIOUS,
McStas,./mcstas-comps/examples/ILL/ILL_H113/ILL_H113.instr,H113_8_3,PREVIOUS,
McStas,./mcstas-comps/examples/ILL/ILL_H113/ILL_H113.instr,H113_8_4,PREVIOUS,
McStas,./mcstas-comps/examples/ILL/ILL_H113/ILL_H113.instr,H113_8_5,PREVIOUS,
McStas,./mcstas-comps/examples/ILL/ILL_H113/ILL_H113.instr,H113_8_6,PREVIOUS,
McStas,./mcstas-comps/examples/ILL/ILL_H113/ILL_H113.instr,H113_8_7,PREVIOUS,
McStas,./mcstas-comps/examples/ILL/ILL_H113/ILL_H113.instr,H113_8_8,PREVIOUS,
McStas,./mcstas-comps/examples/ILL/ILL_H113/ILL_H113.instr,H113_8_9,PREVIOUS,
McStas,./mcstas-comps/examples/ILL/ILL_H113/ILL_H113.instr,H113_8_10,PREVIOUS,
McStas,./mcstas-comps/examples/ILL/ILL_H113/ILL_H113.instr,H113_8_11,PREVIOUS,
McStas,./mcstas-comps/examples/ILL/ILL_H142/ILL_H142.instr,H142_2_2,PREVIOUS,
McStas,./mcstas-comps/examples/ILL/ILL_H142/ILL_H142.instr,H142_2_3,PREVIOUS,
McStas,./mcstas-comps/examples/ILL/ILL_H142/ILL_H142.instr,H142_2_4,PREVIOUS,
McStas,./mcstas-comps/examples/ILL/ILL_H142/ILL_H142.instr,H142_2_5,PREVIOUS,
McStas,./mcstas-comps/examples/ILL/ILL_H142/ILL_H142.instr,H142_2_6,PREVIOUS,
McStas,./mcstas-comps/examples/ILL/ILL_H142/ILL_H142.instr,H142_3_2,PREVIOUS,
McStas,./mcstas-comps/examples/ILL/ILL_H142/ILL_H142.instr,H142_3_3,PREVIOUS,
McStas,./mcstas-comps/examples/ILL/ILL_H142/ILL_H142.instr,H142_3_4,PREVIOUS,
McStas,./mcstas-comps/examples/ILL/ILL_H142/ILL_H142.instr,H142_3_5,PREVIOUS,
McStas,./mcstas-comps/examples/ILL/ILL_H142/ILL_H142.instr,H142_3_6,PREVIOUS,
McStas,./mcstas-comps/examples/ILL/ILL_H142/ILL_H142.instr,H142_3_7,PREVIOUS,
McStas,./mcstas-comps/examples/ILL/ILL_H142/ILL_H142.instr,H142_3_8,PREVIOUS,
McStas,./mcstas-comps/examples/ILL/ILL_H142/ILL_H142.instr,H142_3_9,PREVIOUS,
McStas,./mcstas-comps/examples/ILL/ILL_H142/ILL_H142.instr,H142_3_10,PREVIOUS,
McStas,./mcstas-comps/examples/ILL/ILL_H142/ILL_H142.instr,H142_4_2,PREVIOUS,
McStas,./mcstas-comps/examples/ILL/ILL_H142/ILL_H142.instr,H142_4_3,PREVIOUS,
McStas,./mcstas-comps/examples/ILL/ILL_H142/ILL_H142.instr,H142_4_4,PREVIOUS,
McStas,./mcstas-comps/examples/ILL/ILL_H142/ILL_H142.instr,H142_4_5,PREVIOUS,
McStas,./mcstas-comps/examples/ILL/ILL_H142/ILL_H142.instr,H142_4_6,PREVIOUS,
McStas,./mcstas-comps/examples/ILL/ILL_H142/ILL_H142.instr,H142_4_7,PREVIOUS,
McStas,./mcstas-comps/examples/ILL/ILL_H142/ILL_H142.instr,H142_5_2,PREVIOUS,
McStas,./mcstas-comps/examples/ILL/ILL_H142/ILL_H142.instr,H142_5_3,PREVIOUS,
McStas,./mcstas-comps/examples/ILL/ILL_H142/ILL_H142.instr,H142_5_4,PREVIOUS,
McStas,./mcstas-comps/examples/ILL/ILL_H142/ILL_H142.instr,H142_5_5,PREVIOUS,
McStas,./mcstas-comps/examples/ILL/ILL_H142/ILL_H142.instr,H142_6_2,PREVIOUS,
McStas,./mcstas-comps/examples/ILL/ILL_H142/ILL_H142.instr,H142_6_3,PREVIOUS,
McStas,./mcstas-comps/examples/ILL/ILL_H142/ILL_H142.instr,H142_6_4,PREVIOUS,
McStas,./mcstas-comps/examples/ILL/ILL_H142/ILL_H142.instr,H142_6_5,PREVIOUS,
McStas,./mcstas-comps/examples/ILL/ILL_H142/ILL_H142.instr,H142_6_6,PREVIOUS,
McStas,./mcstas-comps/examples/ILL/ILL_H142/ILL_H142.instr,H142_6_7,PREVIOUS,
McStas,./mcstas-comps/examples/ILL/ILL_H142/ILL_H142.instr,H142_6_8,PREVIOUS,
McStas,./mcstas-comps/examples/ILL/ILL_H142/ILL_H142.instr,H142_6_9,PREVIOUS,
McStas,./mcstas-comps/examples/ILL/ILL_H142/ILL_H142.instr,H142_6_10,PREVIOUS,
McStas,./mcstas-comps/examples/ILL/ILL_H142/ILL_H142.instr,H142_7_2,PREVIOUS,
McStas,./mcstas-comps/examples/ILL/ILL_H142/ILL_H142.instr,H142_7_3,PREVIOUS,
McStas,./mcstas-comps/examples/ILL/ILL_H142/ILL_H142.instr,H142_7_4,PREVIOUS,
McStas,./mcstas-comps/examples/ILL/ILL_H142/ILL_H142.instr,H142_7_5,PREVIOUS,
McStas,./mcstas-comps/examples/ILL/ILL_H142/ILL_H142.instr,H142_7_6,PREVIOUS,
McStas,./mcstas-comps/examples/ILL/ILL_H142/ILL_H142.instr,H142_7_7,PREVIOUS,
McStas,./mcstas-comps/examples/ILL/ILL_H142/ILL_H142.instr,H142_7_8,PREVIOUS,
McStas,./mcstas-comps/examples/ILL/ILL_H142/ILL_H142.instr,H142_7_9,PREVIOUS,
McStas,./mcstas-comps/examples/ILL/ILL_H142/ILL_H142.instr,H142_7_10,PREVIOUS,
McStas,./mcstas-comps/examples/ILL/ILL_H142/ILL_H142.instr,H142_8_2,PREVIOUS,
McStas,./mcstas-comps/examples/ILL/ILL_H142/ILL_H142.instr,H142_8_3,PREVIOUS,
McStas,./mcstas-comps/examples/ILL/ILL_H142/ILL_H142.instr,H142_8_4,PREVIOUS,
McStas,./mcstas-comps/examples/ILL/ILL_H142/ILL_H142.instr,H142_8_5,PREVIOUS,
McStas,./mcstas-comps/examples/ILL/ILL_H142/ILL_H142.instr,H142_8_6,PREVIOUS,
McStas,./mcstas-comps/examples/ILL/ILL_H142/ILL_H142.instr,H142_8_7,PREVIOUS,
McStas,./mcstas-comps/examples/ILL/ILL_H142/ILL_H142.instr,H142_8_8,PREVIOUS,
McStas,./mcstas-comps/examples/ILL/ILL_H142/ILL_H142.instr,H142_8_9,PREVIOUS,
McStas,./mcstas-comps/examples/ILL/ILL_H142/ILL_H142.instr,H142_8_10,PREVIOUS,
McStas,./mcstas-comps/examples/ILL/ILL_H142/ILL_H142.instr,H142_9_2,PREVIOUS,
McStas,./mcstas-comps/examples/ILL/ILL_H142/ILL_H142.instr,H142_9_3,PREVIOUS,
McStas,./mcstas-comps/examples/ILL/ILL_H142/ILL_H142.instr,H142_9_4,PREVIOUS,
McStas,./mcstas-comps/examples/ILL/ILL_H142/ILL_H142.instr,H142_9_5,PREVIOUS,
McStas,./mcstas-comps/examples/ILL/ILL_H142/ILL_H142.instr,H142_9_6,PREVIOUS,
McStas,./mcstas-comps/examples/ILL/ILL_H142/ILL_H142.instr,H142_9_7,PREVIOUS,
McStas,./mcstas-comps/examples/ILL/ILL_H142/ILL_H142.instr,H142_9_8,PREVIOUS,
McStas,./mcstas-comps/examples/ILL/ILL_H142/ILL_H142.instr,H142_9_9,PREVIOUS,
McStas,./mcstas-comps/examples/ILL/ILL_H142/ILL_H142.instr,H142_9_10,PREVIOUS,
McStas,./mcstas-comps/examples/ILL/ILL_H142/ILL_H142.instr,H142_10_2,PREVIOUS,
McStas,./mcstas-comps/examples/ILL/ILL_H142/ILL_H142.instr,H142_10_3,PREVIOUS,
McStas,./mcstas-comps/examples/ILL/ILL_H142/ILL_H142.instr,H142_10_4,PREVIOUS,
McStas,./mcstas-comps/examples/ILL/ILL_H142/ILL_H142.instr,H142_10_5,PREVIOUS,
McStas,./mcstas-comps/examples/ILL/ILL_H142/ILL_H142.instr,H142_10_6,PREVIOUS,
McStas,./mcstas-comps/examples/ILL/ILL_H142/ILL_H142.instr,H142_10_7,PREVIOUS,
McStas,./mcstas-comps/examples/ILL/ILL_H142/ILL_H142.instr,H142_10_8,PREVIOUS,
McStas,./mcstas-comps/examples/ILL/ILL_H142/ILL_H142.instr,H142_10_9,PREVIOUS,
McStas,./mcstas-comps/examples/ILL/ILL_H142/ILL_H142.instr,H142_10_10,PREVIOUS,
McStas,./mcstas-comps/examples/ILL/ILL_H142/ILL_H142.instr,H142_11_2,PREVIOUS,
McStas,./mcstas-comps/examples/ILL/ILL_H142/ILL_H142.instr,H142_11_3,PREVIOUS,
McStas,./mcstas-comps/examples/ILL/ILL_H142/ILL_H142.instr,H142_11_4,PREVIOUS,
McStas,./mcstas-comps/examples/ILL/ILL_H142/ILL_H142.instr,H142_11_5,PREVIOUS,
McStas,./mcstas-comps/examples/ILL/ILL_H142/ILL_H142.instr,H142_11_6,PREVIOUS,
McStas,./mcstas-comps/examples/ILL/ILL_H142/ILL_H142.instr,H142_11_7,PREVIOUS,
McStas,./mcstas-comps/examples/ILL/ILL_H142/ILL_H142.instr,H142_11_8,PREVIOUS,
McStas,./mcstas-comps/examples/ILL/ILL_H142/ILL_H142.instr,H142_11_9,PREVIOUS,
McStas,./mcstas-comps/examples/ILL/ILL_H142/ILL_H142.instr,H142_11_10,PREVIOUS,
McStas,./mcstas-comps/examples/ILL/ILL_H142_D33/ILL_H142_D33.instr,C1,GuideLong,
McStas,./mcstas-comps/examples/ILL/ILL_H142_D33/ILL_H142_D33.instr,C2,GuideLong,
McStas,./mcstas-comps/examples/ILL/ILL_H142_D33/ILL_H142_D33.instr,C3,GuideLong,
McStas,./mcstas-comps/examples/ILL/ILL_H142_D33/ILL_H142_D33.instr,C4,GuideLong,
McStas,./mcstas-comps/examples/ILL/ILL_H142_simple/ILL_H142_simple.instr,H142_2_2,PREVIOUS,
McStas,./mcstas-comps/examples/ILL/ILL_H142_simple/ILL_H142_simple.instr,H142_2_3,PREVIOUS,
McStas,./mcstas-comps/examples/ILL/ILL_H142_simple/ILL_H142_simple.instr,H142_2_4,PREVIOUS,
McStas,./mcstas-comps/examples/ILL/ILL_H142_simple/ILL_H142_simple.instr,H142_2_5,PREVIOUS,
McStas,./mcstas-comps/examples/ILL/ILL_H142_simple/ILL_H142_simple.instr,H142_2_6,PREVIOUS,
McStas,./mcstas-comps/examples/ILL/ILL_H142_simple/ILL_H142_simple.instr,H142_3_2,PREVIOUS,
McStas,./mcstas-comps/examples/ILL/ILL_H142_simple/ILL_H142_simple.instr,H142_3_3,PREVIOUS,
McStas,./mcstas-comps/examples/ILL/ILL_H142_simple/ILL_H142_simple.instr,H142_3_4,PREVIOUS,
McStas,./mcstas-comps/examples/ILL/ILL_H142_simple/ILL_H142_simple.instr,H142_3_5,PREVIOUS,
McStas,./mcstas-comps/examples/ILL/ILL_H142_simple/ILL_H142_simple.instr,H142_3_6,PREVIOUS,
McStas,./mcstas-comps/examples/ILL/ILL_H142_simple/ILL_H142_simple.instr,H142_3_7,PREVIOUS,
McStas,./mcstas-comps/examples/ILL/ILL_H142_simple/ILL_H142_simple.instr,H142_3_8,PREVIOUS,
McStas,./mcstas-comps/examples/ILL/ILL_H142_simple/ILL_H142_simple.instr,H142_3_9,PREVIOUS,
McStas,./mcstas-comps/examples/ILL/ILL_H142_simple/ILL_H142_simple.instr,H142_3_10,PREVIOUS,
McStas,./mcstas-comps/examples/ILL/ILL_H142_simple/ILL_H142_simple.instr,H142_4_2,PREVIOUS,
McStas,./mcstas-comps/examples/ILL/ILL_H142_simple/ILL_H142_simple.instr,H142_4_3,PREVIOUS,
McStas,./mcstas-comps/examples/ILL/ILL_H142_simple/ILL_H142_simple.instr,H142_4_4,PREVIOUS,
McStas,./mcstas-comps/examples/ILL/ILL_H142_simple/ILL_H142_simple.instr,H142_4_5,PREVIOUS,
McStas,./mcstas-comps/examples/ILL/ILL_H142_simple/ILL_H142_simple.instr,H142_4_6,PREVIOUS,
McStas,./mcstas-comps/examples/ILL/ILL_H142_simple/ILL_H142_simple.instr,H142_4_7,PREVIOUS,
McStas,./mcstas-comps/examples/ILL/ILL_H142_simple/ILL_H142_simple.instr,H142_5_2,PREVIOUS,
McStas,./mcstas-comps/examples/ILL/ILL_H142_simple/ILL_H142_simple.instr,H142_5_3,PREVIOUS,
McStas,./mcstas-comps/examples/ILL/ILL_H142_simple/ILL_H142_simple.instr,H142_5_4,PREVIOUS,
McStas,./mcstas-comps/examples/ILL/ILL_H142_simple/ILL_H142_simple.instr,H142_5_5,PREVIOUS,
McStas,./mcstas-comps/examples/ILL/ILL_H142_simple/ILL_H142_simple.instr,H142_6_2,PREVIOUS,
McStas,./mcstas-comps/examples/ILL/ILL_H142_simple/ILL_H142_simple.instr,H142_6_3,PREVIOUS,
McStas,./mcstas-comps/examples/ILL/ILL_H142_simple/ILL_H142_simple.instr,H142_6_4,PREVIOUS,
McStas,./mcstas-comps/examples/ILL/ILL_H142_simple/ILL_H142_simple.instr,H142_6_5,PREVIOUS,
McStas,./mcstas-comps/examples/ILL/ILL_H142_simple/ILL_H142_simple.instr,H142_6_6,PREVIOUS,
McStas,./mcstas-comps/examples/ILL/ILL_H142_simple/ILL_H142_simple.instr,H142_6_7,PREVIOUS,
McStas,./mcstas-comps/examples/ILL/ILL_H142_simple/ILL_H142_simple.instr,H142_6_8,PREVIOUS,
McStas,./mcstas-comps/examples/ILL/ILL_H142_simple/ILL_H142_simple.instr,H142_6_9,PREVIOUS,
McStas,./mcstas-comps/examples/ILL/ILL_H142_simple/ILL_H142_simple.instr,H142_6_10,PREVIOUS,
McStas,./mcstas-comps/examples/ILL/ILL_H142_simple/ILL_H142_simple.instr,H142_7_2,PREVIOUS,
McStas,./mcstas-comps/examples/ILL/ILL_H142_simple/ILL_H142_simple.instr,H142_7_3,PREVIOUS,
McStas,./mcstas-comps/examples/ILL/ILL_H142_simple/ILL_H142_simple.instr,H142_7_4,PREVIOUS,
McStas,./mcstas-comps/examples/ILL/ILL_H142_simple/ILL_H142_simple.instr,H142_7_5,PREVIOUS,
McStas,./mcstas-comps/examples/ILL/ILL_H142_simple/ILL_H142_simple.instr,H142_7_6,PREVIOUS,
McStas,./mcstas-comps/examples/ILL/ILL_H142_simple/ILL_H142_simple.instr,H142_7_7,PREVIOUS,
McStas,./mcstas-comps/examples/ILL/ILL_H142_simple/ILL_H142_simple.instr,H142_7_8,PREVIOUS,
McStas,./mcstas-comps/examples/ILL/ILL_H142_simple/ILL_H142_simple.instr,H142_7_9,PREVIOUS,
McStas,./mcstas-comps/examples/ILL/ILL_H142_simple/ILL_H142_simple.instr,H142_7_10,PREVIOUS,
McStas,./mcstas-comps/examples/ILL/ILL_H142_simple/ILL_H142_simple.instr,H142_8_2,PREVIOUS,
McStas,./mcstas-comps/examples/ILL/ILL_H142_simple/ILL_H142_simple.instr,H142_8_3,PREVIOUS,
McStas,./mcstas-comps/examples/ILL/ILL_H142_simple/ILL_H142_simple.instr,H142_8_4,PREVIOUS,
McStas,./mcstas-comps/examples/ILL/ILL_H142_simple/ILL_H142_simple.instr,H142_8_5,PREVIOUS,
McStas,./mcstas-comps/examples/ILL/ILL_H142_simple/ILL_H142_simple.instr,H142_8_6,PREVIOUS,
McStas,./mcstas-comps/examples/ILL/ILL_H142_simple/ILL_H142_simple.instr,H142_8_7,PREVIOUS,
McStas,./mcstas-comps/examples/ILL/ILL_H142_simple/ILL_H142_simple.instr,H142_8_8,PREVIOUS,
McStas,./mcstas-comps/examples/ILL/ILL_H142_simple/ILL_H142_simple.instr,H142_8_9,PREVIOUS,
McStas,./mcstas-comps/examples/ILL/ILL_H142_simple/ILL_H142_simple.instr,H142_8_10,PREVIOUS,
McStas,./mcstas-comps/examples/ILL/ILL_H142_simple/ILL_H142_simple.instr,H142_9_2,PREVIOUS,
McStas,./mcstas-comps/examples/ILL/ILL_H142_simple/ILL_H142_simple.instr,H142_9_3,PREVIOUS,
McStas,./mcstas-comps/examples/ILL/ILL_H142_simple/ILL_H142_simple.instr,H142_9_4,PREVIOUS,
McStas,./mcstas-comps/examples/ILL/ILL_H142_simple/ILL_H142_simple.instr,H142_9_5,PREVIOUS,
McStas,./mcstas-comps/examples/ILL/ILL_H142_simple/ILL_H142_simple.instr,H142_9_6,PREVIOUS,
McStas,./mcstas-comps/examples/ILL/ILL_H142_simple/ILL_H142_simple.instr,H142_9_7,PREVIOUS,
McStas,./mcstas-comps/examples/ILL/ILL_H142_simple/ILL_H142_simple.instr,H142_9_8,PREVIOUS,
McStas,./mcstas-comps/examples/ILL/ILL_H142_simple/ILL_H142_simple.instr,H142_9_9,PREVIOUS,
McStas,./mcstas-comps/examples/ILL/ILL_H142_simple/ILL_H142_simple.instr,H142_9_10,PREVIOUS,
McStas,./mcstas-comps/examples/ILL/ILL_H142_simple/ILL_H142_simple.instr,H142_10_2,PREVIOUS,
McStas,./mcstas-comps/examples/ILL/ILL_H142_simple/ILL_H142_simple.instr,H142_10_3,PREVIOUS,
McStas,./mcstas-comps/examples/ILL/ILL_H142_simple/ILL_H142_simple.instr,H142_10_4,PREVIOUS,
McStas,./mcstas-comps/examples/ILL/ILL_H142_simple/ILL_H142_simple.instr,H142_10_5,PREVIOUS,
McStas,./mcstas-comps/examples/ILL/ILL_H142_simple/ILL_H142_simple.instr,H142_10_6,PREVIOUS,
McStas,./mcstas-comps/examples/ILL/ILL_H142_simple/ILL_H142_simple.instr,H142_10_7,PREVIOUS,
McStas,./mcstas-comps/examples/ILL/ILL_H142_simple/ILL_H142_simple.instr,H142_10_8,PREVIOUS,
McStas,./mcstas-comps/examples/ILL/ILL_H142_simple/ILL_H142_simple.instr,H142_10_9,PREVIOUS,
McStas,./mcstas-comps/examples/ILL/ILL_H142_simple/ILL_H142_simple.instr,H142_10_10,PREVIOUS,
McStas,./mcstas-comps/examples/ILL/ILL_H142_simple/ILL_H142_simple.instr,H142_11_2,PREVIOUS,
McStas,./mcstas-comps/examples/ILL/ILL_H142_simple/ILL_H142_simple.instr,H142_11_3,PREVIOUS,
McStas,./mcstas-comps/examples/ILL/ILL_H142_simple/ILL_H142_simple.instr,H142_11_4,PREVIOUS,
McStas,./mcstas-comps/examples/ILL/ILL_H142_simple/ILL_H142_simple.instr,H142_11_5,PREVIOUS,
McStas,./mcstas-comps/examples/ILL/ILL_H142_simple/ILL_H142_simple.instr,H142_11_6,PREVIOUS,
McStas,./mcstas-comps/examples/ILL/ILL_H142_simple/ILL_H142_simple.instr,H142_11_7,PREVIOUS,
McStas,./mcstas-comps/examples/ILL/ILL_H142_simple/ILL_H142_simple.instr,H142_11_8,PREVIOUS,
McStas,./mcstas-comps/examples/ILL/ILL_H142_simple/ILL_H142_simple.instr,H142_11_9,PREVIOUS,
McStas,./mcstas-comps/examples/ILL/ILL_H142_simple/ILL_H142_simple.instr,H142_11_10,PREVIOUS,
McStas,./mcstas-comps/examples/ILL/ILL_H143_LADI/ILL_H143_LADI.instr,H14_2_2,PREVIOUS,
McStas,./mcstas-comps/examples/ILL/ILL_H143_LADI/ILL_H143_LADI.instr,H14_2_3,PREVIOUS,
McStas,./mcstas-comps/examples/ILL/ILL_H143_LADI/ILL_H143_LADI.instr,H14_2_4,PREVIOUS,
McStas,./mcstas-comps/examples/ILL/ILL_H143_LADI/ILL_H143_LADI.instr,H14_2_5,PREVIOUS,
McStas,./mcstas-comps/examples/ILL/ILL_H143_LADI/ILL_H143_LADI.instr,H14_2_6,PREVIOUS,
McStas,./mcstas-comps/examples/ILL/ILL_H143_LADI/ILL_H143_LADI.instr,H14_3_2,PREVIOUS,
McStas,./mcstas-comps/examples/ILL/ILL_H143_LADI/ILL_H143_LADI.instr,H14_3_3,PREVIOUS,
McStas,./mcstas-comps/examples/ILL/ILL_H143_LADI/ILL_H143_LADI.instr,H14_3_4,PREVIOUS,
McStas,./mcstas-comps/examples/ILL/ILL_H143_LADI/ILL_H143_LADI.instr,H14_3_5,PREVIOUS,
McStas,./mcstas-comps/examples/ILL/ILL_H143_LADI/ILL_H143_LADI.instr,H14_3_6,PREVIOUS,
McStas,./mcstas-comps/examples/ILL/ILL_H143_LADI/ILL_H143_LADI.instr,H14_3_7,PREVIOUS,
McStas,./mcstas-comps/examples/ILL/ILL_H143_LADI/ILL_H143_LADI.instr,H14_3_8,PREVIOUS,
McStas,./mcstas-comps/examples/ILL/ILL_H143_LADI/ILL_H143_LADI.instr,H14_3_9,PREVIOUS,
McStas,./mcstas-comps/examples/ILL/ILL_H143_LADI/ILL_H143_LADI.instr,H14_3_10,PREVIOUS,
McStas,./mcstas-comps/examples/ILL/ILL_H143_LADI/ILL_H143_LADI.instr,H14_3_11,PREVIOUS,
McStas,./mcstas-comps/examples/ILL/ILL_H143_LADI/ILL_H143_LADI.instr,H143_1_2,PREVIOUS,
McStas,./mcstas-comps/examples/ILL/ILL_H143_LADI/ILL_H143_LADI.instr,H143_1_3,PREVIOUS,
McStas,./mcstas-comps/examples/ILL/ILL_H143_LADI/ILL_H143_LADI.instr,H143_1_4,PREVIOUS,
McStas,./mcstas-comps/examples/ILL/ILL_H143_LADI/ILL_H143_LADI.instr,H143_1_5,PREVIOUS,
McStas,./mcstas-comps/examples/ILL/ILL_H143_LADI/ILL_H143_LADI.instr,H143_1_6,PREVIOUS,
McStas,./mcstas-comps/examples/ILL/ILL_H143_LADI/ILL_H143_LADI.instr,H143_1_7,PREVIOUS,
McStas,./mcstas-comps/examples/ILL/ILL_H143_LADI/ILL_H143_LADI.instr,H143_1_8,PREVIOUS,
McStas,./mcstas-comps/examples/ILL/ILL_H143_LADI/ILL_H143_LADI.instr,H143_1_9,PREVIOUS,
McStas,./mcstas-comps/examples/ILL/ILL_H143_LADI/ILL_H143_LADI.instr,H143_1_10,PREVIOUS,
McStas,./mcstas-comps/examples/ILL/ILL_H143_LADI/ILL_H143_LADI.instr,H143_1_11,PREVIOUS,
McStas,./mcstas-comps/examples/ILL/ILL_H143_LADI/ILL_H143_LADI.instr,H143_1_12,PREVIOUS,
McStas,./mcstas-comps/examples/ILL/ILL_H143_LADI/ILL_H143_LADI.instr,H143_1_13,PREVIOUS,
McStas,./mcstas-comps/examples/ILL/ILL_H143_LADI/ILL_H143_LADI.instr,H143_1_14,PREVIOUS,
McStas,./mcstas-comps/examples/ILL/ILL_H143_LADI/ILL_H143_LADI.instr,H143_1_15,PREVIOUS,
McStas,./mcstas-comps/examples/ILL/ILL_H143_LADI/ILL_H143_LADI.instr,H143_2_2,PREVIOUS,
McStas,./mcstas-comps/examples/ILL/ILL_H143_LADI/ILL_H143_LADI.instr,H143_2_3,PREVIOUS,
McStas,./mcstas-comps/examples/ILL/ILL_H143_LADI/ILL_H143_LADI.instr,H143_2_4,PREVIOUS,
McStas,./mcstas-comps/examples/ILL/ILL_H143_LADI/ILL_H143_LADI.instr,H143_2_5,PREVIOUS,
McStas,./mcstas-comps/examples/ILL/ILL_H143_LADI/ILL_H143_LADI.instr,H143_2_6,PREVIOUS,
McStas,./mcstas-comps/examples/ILL/ILL_H143_LADI/ILL_H143_LADI.instr,H143_2_7,PREVIOUS,
McStas,./mcstas-comps/examples/ILL/ILL_H143_LADI/ILL_H143_LADI.instr,H143_2_8,PREVIOUS,
McStas,./mcstas-comps/examples/ILL/ILL_H143_LADI/ILL_H143_LADI.instr,H143_2_9,PREVIOUS,
McStas,./mcstas-comps/examples/ILL/ILL_H143_LADI/ILL_H143_LADI.instr,H143_2_10,PREVIOUS,
McStas,./mcstas-comps/examples/ILL/ILL_H143_LADI/ILL_H143_LADI.instr,H143_2_11,PREVIOUS,
McStas,./mcstas-comps/examples/ILL/ILL_H143_LADI/ILL_H143_LADI.instr,H143_2_12,PREVIOUS,
McStas,./mcstas-comps/examples/ILL/ILL_H143_LADI/ILL_H143_LADI.instr,H143_2_13,PREVIOUS,
McStas,./mcstas-comps/examples/ILL/ILL_H143_LADI/ILL_H143_LADI.instr,H143_2_14,PREVIOUS,
McStas,./mcstas-comps/examples/ILL/ILL_H143_LADI/ILL_H143_LADI.instr,H143_2_15,PREVIOUS,
McStas,./mcstas-comps/examples/ILL/ILL_H15/ILL_H15.instr,H15_2_2,PREVIOUS,
McStas,./mcstas-comps/examples/ILL/ILL_H15/ILL_H15.instr,H15_2_3,PREVIOUS,
McStas,./mcstas-comps/examples/ILL/ILL_H15/ILL_H15.instr,H15_2_4,PREVIOUS,
McStas,./mcstas-comps/examples/ILL/ILL_H15/ILL_H15.instr,H15_2_5,PREVIOUS,
McStas,./mcstas-comps/examples/ILL/ILL_H15/ILL_H15.instr,H15_2_6,PREVIOUS,
McStas,./mcstas-comps/examples/ILL/ILL_H15/ILL_H15.instr,H15_3_2,PREVIOUS,
McStas,./mcstas-comps/examples/ILL/ILL_H15/ILL_H15.instr,H15_3_3,PREVIOUS,
McStas,./mcstas-comps/examples/ILL/ILL_H15/ILL_H15.instr,H15_3_4,PREVIOUS,
McStas,./mcstas-comps/examples/ILL/ILL_H15/ILL_H15.instr,H15_3_5,PREVIOUS,
McStas,./mcstas-comps/examples/ILL/ILL_H15/ILL_H15.instr,H15_3_6,PREVIOUS,
McStas,./mcstas-comps/examples/ILL/ILL_H15/ILL_H15.instr,H15_3_7,PREVIOUS,
McStas,./mcstas-comps/examples/ILL/ILL_H15/ILL_H15.instr,H15_3_8,PREVIOUS,
McStas,./mcstas-comps/examples/ILL/ILL_H15/ILL_H15.instr,H15_3_9,PREVIOUS,
McStas,./mcstas-comps/examples/ILL/ILL_H15/ILL_H15.instr,H15_3_10,PREVIOUS,
McStas,./mcstas-comps/examples/ILL/ILL_H15/ILL_H15.instr,H15_4_2,PREVIOUS,
McStas,./mcstas-comps/examples/ILL/ILL_H15/ILL_H15.instr,H15_4_3,PREVIOUS,
McStas,./mcstas-comps/examples/ILL/ILL_H15/ILL_H15.instr,H15_4_4,PREVIOUS,
McStas,./mcstas-comps/examples/ILL/ILL_H15/ILL_H15.instr,H15_4_5,PREVIOUS,
McStas,./mcstas-comps/examples/ILL/ILL_H15/ILL_H15.instr,H15_4_6,PREVIOUS,
McStas,./mcstas-comps/examples/ILL/ILL_H15/ILL_H15.instr,H15_4_7,PREVIOUS,
McStas,./mcstas-comps/examples/ILL/ILL_H15/ILL_H15.instr,H15_5_2,PREVIOUS,
McStas,./mcstas-comps/examples/ILL/ILL_H15/ILL_H15.instr,H15_5_3,PREVIOUS,
McStas,./mcstas-comps/examples/ILL/ILL_H15/ILL_H15.instr,H15_5_4,PREVIOUS,
McStas,./mcstas-comps/examples/ILL/ILL_H15/ILL_H15.instr,H15_5_5,PREVIOUS,
McStas,./mcstas-comps/examples/ILL/ILL_H15/ILL_H15.instr,H15_6_2,PREVIOUS,
McStas,./mcstas-comps/examples/ILL/ILL_H15/ILL_H15.instr,H15_6_3,PREVIOUS,
McStas,./mcstas-comps/examples/ILL/ILL_H15/ILL_H15.instr,H15_6_4,PREVIOUS,
McStas,./mcstas-comps/examples/ILL/ILL_H15/ILL_H15.instr,H15_6_5,PREVIOUS,
McStas,./mcstas-comps/examples/ILL/ILL_H15/ILL_H15.instr,H15_6_6,PREVIOUS,
McStas,./mcstas-comps/examples/ILL/ILL_H15/ILL_H15.instr,H15_6_7,PREVIOUS,
McStas,./mcstas-comps/examples/ILL/ILL_H15/ILL_H15.instr,H15_6_8,PREVIOUS,
McStas,./mcstas-comps/examples/ILL/ILL_H15/ILL_H15.instr,H15_6_9,PREVIOUS,
McStas,./mcstas-comps/examples/ILL/ILL_H15/ILL_H15.instr,H15_6_10,PREVIOUS,
McStas,./mcstas-comps/examples/ILL/ILL_H15/ILL_H15.instr,H15_6_11,PREVIOUS,
McStas,./mcstas-comps/examples/ILL/ILL_H15/ILL_H15.instr,H15_6_12,PREVIOUS,
McStas,./mcstas-comps/examples/ILL/ILL_H15/ILL_H15.instr,H15_7_2,PREVIOUS,
McStas,./mcstas-comps/examples/ILL/ILL_H15/ILL_H15.instr,H15_7_3,PREVIOUS,
McStas,./mcstas-comps/examples/ILL/ILL_H15/ILL_H15.instr,H15_7_4,PREVIOUS,
McStas,./mcstas-comps/examples/ILL/ILL_H15/ILL_H15.instr,H15_7_5,PREVIOUS,
McStas,./mcstas-comps/examples/ILL/ILL_H15/ILL_H15.instr,H15_7_6,PREVIOUS,
McStas,./mcstas-comps/examples/ILL/ILL_H15/ILL_H15.instr,H15_7_7,PREVIOUS,
McStas,./mcstas-comps/examples/ILL/ILL_H15/ILL_H15.instr,H15_7_8,PREVIOUS,
McStas,./mcstas-comps/examples/ILL/ILL_H15/ILL_H15.instr,H15_7_9,PREVIOUS,
McStas,./mcstas-comps/examples/ILL/ILL_H15/ILL_H15.instr,H15_7_10,PREVIOUS,
McStas,./mcstas-comps/examples/ILL/ILL_H15_SAM/ILL_H15_SAM.instr,COPY(Al_window1),PREVIOUS,
McStas,./mcstas-comps/examples/ILL/ILL_H15_SAM/ILL_H15_SAM.instr,COPY(Al_window1),PREVIOUS,
McStas,./mcstas-comps/examples/ILL/ILL_H15_SAM/ILL_H15_SAM.instr,COPY(Al_window1),PREVIOUS,
McStas,./mcstas-comps/examples/ILL/ILL_H15_SAM/ILL_H15_SAM.instr,COPY(Al_window1),PREVIOUS,
McStas,./mcstas-comps/examples/ILL/ILL_H22/ILL_H22.instr,H22_3_2,PREVIOUS,
McStas,./mcstas-comps/examples/ILL/ILL_H22/ILL_H22.instr,H22_3_3,PREVIOUS,
McStas,./mcstas-comps/examples/ILL/ILL_H22/ILL_H22.instr,H22_3_4,PREVIOUS,
McStas,./mcstas-comps/examples/ILL/ILL_H22/ILL_H22.instr,H22_3_5,PREVIOUS,
McStas,./mcstas-comps/examples/ILL/ILL_H22/ILL_H22.instr,H22_3_6,PREVIOUS,
McStas,./mcstas-comps/examples/ILL/ILL_H22/ILL_H22.instr,H22_3_7,PREVIOUS,
McStas,./mcstas-comps/examples/ILL/ILL_H22/ILL_H22.instr,H22_4_2,PREVIOUS,
McStas,./mcstas-comps/examples/ILL/ILL_H22/ILL_H22.instr,H22_4_3,PREVIOUS,
McStas,./mcstas-comps/examples/ILL/ILL_H22/ILL_H22.instr,H22_4_4,PREVIOUS,
McStas,./mcstas-comps/examples/ILL/ILL_H22/ILL_H22.instr,H22_4_5,PREVIOUS,
McStas,./mcstas-comps/examples/ILL/ILL_H22/ILL_H22.instr,H22_4_6,PREVIOUS,
McStas,./mcstas-comps/examples/ILL/ILL_H22/ILL_H22.instr,H22_4_7,PREVIOUS,
McStas,./mcstas-comps/examples/ILL/ILL_H22/ILL_H22.instr,H22_4_8,PREVIOUS,
McStas,./mcstas-comps/examples/ILL/ILL_H22/ILL_H22.instr,H22_4_9,PREVIOUS,
McStas,./mcstas-comps/examples/ILL/ILL_H22/ILL_H22.instr,H22_4_10,PREVIOUS,
McStas,./mcstas-comps/examples/ILL/ILL_H22/ILL_H22.instr,H22_4_11,PREVIOUS,
McStas,./mcstas-comps/examples/ILL/ILL_H22/ILL_H22.instr,H22_4_12,PREVIOUS,
McStas,./mcstas-comps/examples/ILL/ILL_H22/ILL_H22.instr,H22_4_13,PREVIOUS,
McStas,./mcstas-comps/examples/ILL/ILL_H22/ILL_H22.instr,H22_4_14,PREVIOUS,
McStas,./mcstas-comps/examples/ILL/ILL_H22/ILL_H22.instr,H22_4_15,PREVIOUS,
McStas,./mcstas-comps/examples/ILL/ILL_H22/ILL_H22.instr,H22_5_2,PREVIOUS,
McStas,./mcstas-comps/examples/ILL/ILL_H22/ILL_H22.instr,H22_5_3,PREVIOUS,
McStas,./mcstas-comps/examples/ILL/ILL_H22/ILL_H22.instr,H22_5_4,PREVIOUS,
McStas,./mcstas-comps/examples/ILL/ILL_H22/ILL_H22.instr,H22_5_5,PREVIOUS,
McStas,./mcstas-comps/examples/ILL/ILL_H22/ILL_H22.instr,COPY(H22_6_1),PREVIOUS,
McStas,./mcstas-comps/examples/ILL/ILL_H22/ILL_H22.instr,COPY(H22_6_1),PREVIOUS,
McStas,./mcstas-comps/examples/ILL/ILL_H22/ILL_H22.instr,COPY(H22_6_1),PREVIOUS,
McStas,./mcstas-comps/examples/ILL/ILL_H22/ILL_H22.instr,COPY(H22_6_1),PREVIOUS,
McStas,./mcstas-comps/examples/ILL/ILL_H22/ILL_H22.instr,COPY(H22_6_1),PREVIOUS,
McStas,./mcstas-comps/examples/ILL/ILL_H22/ILL_H22.instr,COPY(H22_6_1),PREVIOUS,
McStas,./mcstas-comps/examples/ILL/ILL_H22/ILL_H22.instr,COPY(H22_6_1),PREVIOUS,
McStas,./mcstas-comps/examples/ILL/ILL_H22/ILL_H22.instr,COPY(H22_6_1),PREVIOUS,
McStas,./mcstas-comps/examples/ILL/ILL_H22/ILL_H22.instr,COPY(H22_6_1),PREVIOUS,
McStas,./mcstas-comps/examples/ILL/ILL_H22/ILL_H22.instr,COPY(H22_6_1),PREVIOUS,
McStas,./mcstas-comps/examples/ILL/ILL_H22/ILL_H22.instr,COPY(H22_6_1),PREVIOUS,
McStas,./mcstas-comps/examples/ILL/ILL_H22/ILL_H22.instr,COPY(H22_6_1),PREVIOUS,
McStas,./mcstas-comps/examples/ILL/ILL_H22/ILL_H22.instr,COPY(H22_6_1),PREVIOUS,
McStas,./mcstas-comps/examples/ILL/ILL_H22/ILL_H22.instr,COPY(H22_6_1),PREVIOUS,
McStas,./mcstas-comps/examples/ILL/ILL_H22/ILL_H22.instr,COPY(H22_6_1),PREVIOUS,
McStas,./mcstas-comps/examples/ILL/ILL_H22/ILL_H22.instr,COPY(H22_6_1),PREVIOUS,
McStas,./mcstas-comps/examples/ILL/ILL_H22/ILL_H22.instr,COPY(H22_6_1),PREVIOUS,
McStas,./mcstas-comps/examples/ILL/ILL_H22/ILL_H22.instr,COPY(H22_6_1),PREVIOUS,
McStas,./mcstas-comps/examples/ILL/ILL_H22/ILL_H22.instr,COPY(H22_6_1),PREVIOUS,
McStas,./mcstas-comps/examples/ILL/ILL_H22/ILL_H22.instr,COPY(H22_6_1),PREVIOUS,
McStas,./mcstas-comps/examples/ILL/ILL_H22/ILL_H22.instr,COPY(H22_6_1),PREVIOUS,
McStas,./mcstas-comps/examples/ILL/ILL_H22/ILL_H22.instr,COPY(H22_6_1),PREVIOUS,
McStas,./mcstas-comps/examples/ILL/ILL_H22/ILL_H22.instr,COPY(H22_6_1),PREVIOUS,
McStas,./mcstas-comps/examples/ILL/ILL_H22/ILL_H22.instr,COPY(H22_6_1),PREVIOUS,
McStas,./mcstas-comps/examples/ILL/ILL_H22/ILL_H22.instr,COPY(H22_6_1),PREVIOUS,
McStas,./mcstas-comps/examples/ILL/ILL_H22/ILL_H22.instr,COPY(H22_6_1),PREVIOUS,
McStas,./mcstas-comps/examples/ILL/ILL_H22/ILL_H22.instr,COPY(H22_6_1),PREVIOUS,
McStas,./mcstas-comps/examples/ILL/ILL_H22/ILL_H22.instr,COPY(H22_6_1),PREVIOUS,
McStas,./mcstas-comps/examples/ILL/ILL_H22/ILL_H22.instr,COPY(H22_6_1),PREVIOUS,
McStas,./mcstas-comps/examples/ILL/ILL_H22/ILL_H22.instr,COPY(H22_6_1),PREVIOUS,
McStas,./mcstas-comps/examples/ILL/ILL_H22/ILL_H22.instr,COPY(H22_6_1),PREVIOUS,
McStas,./mcstas-comps/examples/ILL/ILL_H22/ILL_H22.instr,COPY(H22_6_1),PREVIOUS,
McStas,./mcstas-comps/examples/ILL/ILL_H22/ILL_H22.instr,COPY(H22_6_1),PREVIOUS,
McStas,./mcstas-comps/examples/ILL/ILL_H22/ILL_H22.instr,COPY(H22_6_1),PREVIOUS,
McStas,./mcstas-comps/examples/ILL/ILL_H22/ILL_H22.instr,COPY(H22_6_1),PREVIOUS,
McStas,./mcstas-comps/examples/ILL/ILL_H22/ILL_H22.instr,COPY(H22_6_1),PREVIOUS,
McStas,./mcstas-comps/examples/ILL/ILL_H22/ILL_H22.instr,COPY(H22_6_1),PREVIOUS,
McStas,./mcstas-comps/examples/ILL/ILL_H22/ILL_H22.instr,COPY(H22_6_1),PREVIOUS,
McStas,./mcstas-comps/examples/ILL/ILL_H22/ILL_H22.instr,COPY(H22_6_1),PREVIOUS,
McStas,./mcstas-comps/examples/ILL/ILL_H22/ILL_H22.instr,COPY(H22_6_1),PREVIOUS,
McStas,./mcstas-comps/examples/ILL/ILL_H22/ILL_H22.instr,COPY(H22_6_1),PREVIOUS,
McStas,./mcstas-comps/examples/ILL/ILL_H22/ILL_H22.instr,COPY(H22_6_1),PREVIOUS,
McStas,./mcstas-comps/examples/ILL/ILL_H22/ILL_H22.instr,COPY(H22_6_1),PREVIOUS,
McStas,./mcstas-comps/examples/ILL/ILL_H22/ILL_H22.instr,COPY(H22_6_1),PREVIOUS,
McStas,./mcstas-comps/examples/ILL/ILL_H22/ILL_H22.instr,COPY(H22_6_1),PREVIOUS,
McStas,./mcstas-comps/examples/ILL/ILL_H22/ILL_H22.instr,COPY(H22_6_1),PREVIOUS,
McStas,./mcstas-comps/examples/ILL/ILL_H22/ILL_H22.instr,COPY(H22_6_1),PREVIOUS,
McStas,./mcstas-comps/examples/ILL/ILL_H22/ILL_H22.instr,COPY(H22_6_1),PREVIOUS,
McStas,./mcstas-comps/examples/ILL/ILL_H22/ILL_H22.instr,COPY(H22_6_1),PREVIOUS,
McStas,./mcstas-comps/examples/ILL/ILL_H22/ILL_H22.instr,COPY(H22_6_1),PREVIOUS,
McStas,./mcstas-comps/examples/ILL/ILL_H22/ILL_H22.instr,COPY(H22_6_1),PREVIOUS,
McStas,./mcstas-comps/examples/ILL/ILL_H22/ILL_H22.instr,COPY(H22_6_1),PREVIOUS,
McStas,./mcstas-comps/examples/ILL/ILL_H22/ILL_H22.instr,COPY(H22_6_1),PREVIOUS,
McStas,./mcstas-comps/examples/ILL/ILL_H22/ILL_H22.instr,COPY(H22_6_1),PREVIOUS,
McStas,./mcstas-comps/examples/ILL/ILL_H22/ILL_H22.instr,COPY(H22_6_1),PREVIOUS,
McStas,./mcstas-comps/examples/ILL/ILL_H22/ILL_H22.instr,COPY(H22_6_1),PREVIOUS,
McStas,./mcstas-comps/examples/ILL/ILL_H22/ILL_H22.instr,COPY(H22_6_1),PREVIOUS,
McStas,./mcstas-comps/examples/ILL/ILL_H22/ILL_H22.instr,COPY(H22_6_1),PREVIOUS,
McStas,./mcstas-comps/examples/ILL/ILL_H22_D1A/ILL_H22_D1A.instr,Container_out,Container_in,EXTEND
McStas,./mcstas-comps/examples/ILL/ILL_H22_D1A/ILL_H22_D1A.instr,Environment_out,Environment_in,EXTEND
McStas,./mcstas-comps/examples/ILL/ILL_H22_D1B/ILL_H22_D1B.instr,Cryo_2,Cryo_1,EXTEND
McStas,./mcstas-comps/examples/ILL/ILL_H22_D1B/ILL_H22_D1B.instr,Cryo_3,Cryo_1,EXTEND
McStas,./mcstas-comps/examples/ILL/ILL_H22_D1B/ILL_H22_D1B.instr,Cryo_4,Cryo_1,EXTEND
McStas,./mcstas-comps/examples/ILL/ILL_H22_D1B/ILL_H22_D1B.instr,COPY(Cryo_4),Cryo_4,EXTEND
McStas,./mcstas-comps/examples/ILL/ILL_H22_D1B/ILL_H22_D1B.instr,COPY(Cryo_3),Cryo_3,EXTEND
McStas,./mcstas-comps/examples/ILL/ILL_H22_D1B/ILL_H22_D1B.instr,COPY(Cryo_2),Cryo_2,EXTEND
McStas,./mcstas-comps/examples/ILL/ILL_H22_D1B/ILL_H22_D1B.instr,COPY(Cryo_1),Cryo_1,EXTEND
McStas,./mcstas-comps/examples/ILL/ILL_H22_VIVALDI/ILL_H22_VIVALDI.instr,Container_out,Container_in,EXTEND
McStas,./mcstas-comps/examples/ILL/ILL_H22_VIVALDI/ILL_H22_VIVALDI.instr,Environment_out,Environment_in,EXTEND
McStas,./mcstas-comps/examples/ILL/ILL_H24/ILL_H24.instr,H24_2_2,PREVIOUS,
McStas,./mcstas-comps/examples/ILL/ILL_H24/ILL_H24.instr,H24_2_3,PREVIOUS,
McStas,./mcstas-comps/examples/ILL/ILL_H24/ILL_H24.instr,H24_2_4,PREVIOUS,
McStas,./mcstas-comps/examples/ILL/ILL_H24/ILL_H24.instr,H24_2_5,PREVIOUS,
McStas,./mcstas-comps/examples/ILL/ILL_H24/ILL_H24.instr,H24_2_6,PREVIOUS,
McStas,./mcstas-comps/examples/ILL/ILL_H24/ILL_H24.instr,H24_3_2,PREVIOUS,
McStas,./mcstas-comps/examples/ILL/ILL_H24/ILL_H24.instr,H24_3_3,PREVIOUS,
McStas,./mcstas-comps/examples/ILL/ILL_H24/ILL_H24.instr,H24_3_4,PREVIOUS,
McStas,./mcstas-comps/examples/ILL/ILL_H24/ILL_H24.instr,H24_3_5,PREVIOUS,
McStas,./mcstas-comps/examples/ILL/ILL_H24/ILL_H24.instr,H24_3_6,PREVIOUS,
McStas,./mcstas-comps/examples/ILL/ILL_H24/ILL_H24.instr,H24_3_7,PREVIOUS,
McStas,./mcstas-comps/examples/ILL/ILL_H24/ILL_H24.instr,H24_3_8,PREVIOUS,
McStas,./mcstas-comps/examples/ILL/ILL_H24/ILL_H24.instr,H24_3_9,PREVIOUS,
McStas,./mcstas-comps/examples/ILL/ILL_H24/ILL_H24.instr,H24_3_10,PREVIOUS,
McStas,./mcstas-comps/examples/ILL/ILL_H24/ILL_H24.instr,H24_4_2,PREVIOUS,
McStas,./mcstas-comps/examples/ILL/ILL_H24/ILL_H24.instr,H24_4_3,PREVIOUS,
McStas,./mcstas-comps/examples/ILL/ILL_H24/ILL_H24.instr,H24_4_4,PREVIOUS,
McStas,./mcstas-comps/examples/ILL/ILL_H24/ILL_H24.instr,H24_4_5,PREVIOUS,
McStas,./mcstas-comps/examples/ILL/ILL_H24/ILL_H24.instr,H24_4_6,PREVIOUS,
McStas,./mcstas-comps/examples/ILL/ILL_H24/ILL_H24.instr,H24_4_7,PREVIOUS,
McStas,./mcstas-comps/examples/ILL/ILL_H24/ILL_H24.instr,H24_5_2,PREVIOUS,
McStas,./mcstas-comps/examples/ILL/ILL_H24/ILL_H24.instr,H24_5_3,PREVIOUS,
McStas,./mcstas-comps/examples/ILL/ILL_H24/ILL_H24.instr,H24_5_4,PREVIOUS,
McStas,./mcstas-comps/examples/ILL/ILL_H24/ILL_H24.instr,H24_5_5,PREVIOUS,
McStas,./mcstas-comps/examples/ILL/ILL_H24/ILL_H24.instr,H24_6_2,PREVIOUS,
McStas,./mcstas-comps/examples/ILL/ILL_H24/ILL_H24.instr,H24_6_3,PREVIOUS,
McStas,./mcstas-comps/examples/ILL/ILL_H24/ILL_H24.instr,H24_6_4,PREVIOUS,
McStas,./mcstas-comps/examples/ILL/ILL_H24/ILL_H24.instr,H24_6_5,PREVIOUS,
McStas,./mcstas-comps/examples/ILL/ILL_H24/ILL_H24.instr,H24_6_6,PREVIOUS,
McStas,./mcstas-comps/examples/ILL/ILL_H24/ILL_H24.instr,H24_6_7,PREVIOUS,
McStas,./mcstas-comps/examples/ILL/ILL_H24/ILL_H24.instr,H24_6_8,PREVIOUS,
McStas,./mcstas-comps/examples/ILL/ILL_H24/ILL_H24.instr,H24_6_9,PREVIOUS,
McStas,./mcstas-comps/examples/ILL/ILL_H24/ILL_H24.instr,H24_6_10,PREVIOUS,
McStas,./mcstas-comps/examples/ILL/ILL_H24/ILL_H24.instr,H24_6_11,PREVIOUS,
McStas,./mcstas-comps/examples/ILL/ILL_H24/ILL_H24.instr,H24_6_12,PREVIOUS,
McStas,./mcstas-comps/examples/ILL/ILL_H24/ILL_H24.instr,H24_7_2,PREVIOUS,
McStas,./mcstas-comps/examples/ILL/ILL_H24/ILL_H24.instr,H24_7_3,PREVIOUS,
McStas,./mcstas-comps/examples/ILL/ILL_H24/ILL_H24.instr,H24_7_4,PREVIOUS,
McStas,./mcstas-comps/examples/ILL/ILL_H24/ILL_H24.instr,H24_7_5,PREVIOUS,
McStas,./mcstas-comps/examples/ILL/ILL_H24/ILL_H24.instr,H24_7_6,PREVIOUS,
McStas,./mcstas-comps/examples/ILL/ILL_H24/ILL_H24.instr,H24_7_7,PREVIOUS,
McStas,./mcstas-comps/examples/ILL/ILL_H24/ILL_H24.instr,H24_7_8,PREVIOUS,
McStas,./mcstas-comps/examples/ILL/ILL_H24/ILL_H24.instr,H24_7_9,PREVIOUS,
McStas,./mcstas-comps/examples/ILL/ILL_H24/ILL_H24.instr,H24_7_10,PREVIOUS,
McStas,./mcstas-comps/examples/ILL/ILL_H24/ILL_H24.instr,H24_8_2,PREVIOUS,
McStas,./mcstas-comps/examples/ILL/ILL_H24/ILL_H24.instr,H24_8_3,PREVIOUS,
McStas,./mcstas-comps/examples/ILL/ILL_H24/ILL_H24.instr,H24_8_4,PREVIOUS,
McStas,./mcstas-comps/examples/ILL/ILL_H24/ILL_H24.instr,H24_8_5,PREVIOUS,
McStas,./mcstas-comps/examples/ILL/ILL_H24/ILL_H24.instr,H24_8_6,PREVIOUS,
McStas,./mcstas-comps/examples/ILL/ILL_H25/ILL_H25.instr,COPY(H25_1),H25_1,
McStas,./mcstas-comps/examples/ILL/ILL_H25/ILL_H25.instr,COPY(H25_1),H25_1,
McStas,./mcstas-comps/examples/ILL/ILL_H25/ILL_H25.instr,COPY(H25_1),H25_1,
McStas,./mcstas-comps/examples/ILL/ILL_H25/ILL_H25.instr,COPY(H25_2),H25_2,
McStas,./mcstas-comps/examples/ILL/ILL_H25/ILL_H25.instr,COPY(H25_2),H25_2,
McStas,./mcstas-comps/examples/ILL/ILL_H25/ILL_H25.instr,COPY(H25_3),H25_3,
McStas,./mcstas-comps/examples/ILL/ILL_H25/ILL_H25.instr,COPY(H25_3),H25_3,
McStas,./mcstas-comps/examples/ILL/ILL_H25/ILL_H25.instr,COPY(H25_3),H25_3,
McStas,./mcstas-comps/examples/ILL/ILL_H25/ILL_H25.instr,COPY(H25_3),H25_3,
McStas,./mcstas-comps/examples/ILL/ILL_H25/ILL_H25.instr,COPY(H25_3),H25_3,
McStas,./mcstas-comps/examples/ILL/ILL_H25/ILL_H25.instr,COPY(H25_3),H25_3,
McStas,./mcstas-comps/examples/ILL/ILL_H25/ILL_H25.instr,COPY(H25_3),H25_3,
McStas,./mcstas-comps/examples/ILL/ILL_H25/ILL_H25.instr,COPY(H25_3),H25_3,
McStas,./mcstas-comps/examples/ILL/ILL_H25/ILL_H25.instr,COPY(H25_3),H25_3,
McStas,./mcstas-comps/examples/ILL/ILL_H25/ILL_H25.instr,COPY(H25_4),H25_4,
McStas,./mcstas-comps/examples/ILL/ILL_H25/ILL_H25.instr,COPY(H25_4),H25_4,
McStas,./mcstas-comps/examples/ILL/ILL_H25/ILL_H25.instr,COPY(H25_4),H25_4,
McStas,./mcstas-comps/examples/ILL/ILL_H25/ILL_H25.instr,COPY(H25_4),H25_4,
McStas,./mcstas-comps/examples/ILL/ILL_H25/ILL_H25.instr,COPY(H25_4),H25_4,
McStas,./mcstas-comps/examples/ILL/ILL_H25/ILL_H25.instr,COPY(H25_4),H25_4,
McStas,./mcstas-comps/examples/ILL/ILL_H25/ILL_H25.instr,COPY(H25_5),H25_5,
McStas,./mcstas-comps/examples/ILL/ILL_H25/ILL_H25.instr,COPY(H25_5),H25_5,
McStas,./mcstas-comps/examples/ILL/ILL_H25/ILL_H25.instr,COPY(H25_5),H25_5,
McStas,./mcstas-comps/examples/ILL/ILL_H25/ILL_H25.instr,COPY(H25_5),H25_5,
McStas,./mcstas-comps/examples/ILL/ILL_H25/ILL_H25.instr,COPY(H25_6),H25_6,
McStas,./mcstas-comps/examples/ILL/ILL_H25/ILL_H25.instr,COPY(H25_6),H25_6,
McStas,./mcstas-comps/examples/ILL/ILL_H25/ILL_H25.instr,COPY(H25_6),H25_6,
McStas,./mcstas-comps/examples/ILL/ILL_H25/ILL_H25.instr,COPY(H25_6),H25_6,
McStas,./mcstas-comps/examples/ILL/ILL_H25/ILL_H25.instr,COPY(H25_6),H25_6,
McStas,./mcstas-comps/examples/ILL/ILL_H25/ILL_H25.instr,COPY(H25_6),H25_6,
McStas,./mcstas-comps/examples/ILL/ILL_H25/ILL_H25.instr,COPY(H25_6),H25_6,
McStas,./mcstas-comps/examples/ILL/ILL_H25/ILL_H25.instr,COPY(H25_6),H25_6,
McStas,./mcstas-comps/examples/ILL/ILL_H25/ILL_H25.instr,COPY(H25_6),H25_6,
McStas,./mcstas-comps/examples/ILL/ILL_H25/ILL_H25.instr,COPY(H25_7),H25_7,
McStas,./mcstas-comps/examples/ILL/ILL_H25/ILL_H25.instr,COPY(H25_7),H25_7,
McStas,./mcstas-comps/examples/ILL/ILL_H25/ILL_H25.instr,COPY(H25_7),H25_7,
McStas,./mcstas-comps/examples/ILL/ILL_H25/ILL_H25.instr,COPY(H25_7),H25_7,
McStas,./mcstas-comps/examples/ILL/ILL_H25/ILL_H25.instr,COPY(H25_7),H25_7,
McStas,./mcstas-comps/examples/ILL/ILL_H25/ILL_H25.instr,COPY(H25_7),H25_7,
McStas,./mcstas-comps/examples/ILL/ILL_H25/ILL_H25.instr,COPY(H25_7),H25_7,
McStas,./mcstas-comps/examples/ILL/ILL_H25/ILL_H25.instr,COPY(H25_7),H25_7,
McStas,./mcstas-comps/examples/ILL/ILL_H25/ILL_H25.instr,COPY(H25_7),H25_7,
McStas,./mcstas-comps/examples/ILL/ILL_H25/ILL_H25.instr,COPY(H25_8),H25_8,
McStas,./mcstas-comps/examples/ILL/ILL_H25/ILL_H25.instr,COPY(H25_8),H25_8,
McStas,./mcstas-comps/examples/ILL/ILL_H25/ILL_H25.instr,COPY(H25_8),H25_8,
McStas,./mcstas-comps/examples/ILL/ILL_H25/ILL_H25.instr,COPY(H25_8),H25_8,
McStas,./mcstas-comps/examples/ILL/ILL_H25/ILL_H25.instr,COPY(H25_9),H25_9,
McStas,./mcstas-comps/examples/ILL/ILL_H25/ILL_H25.instr,COPY(H25_9),H25_9,
McStas,./mcstas-comps/examples/ILL/ILL_H25/ILL_H25.instr,COPY(H25_9),H25_9,
McStas,./mcstas-comps/examples/ILL/ILL_H25/ILL_H25.instr,COPY(H25_9),H25_9,
McStas,./mcstas-comps/examples/ILL/ILL_H25/ILL_H25.instr,COPY(H25_9),H25_9,
McStas,./mcstas-comps/examples/ILL/ILL_H25/ILL_H25.instr,COPY(H25_10),H25_10,
McStas,./mcstas-comps/examples/ILL/ILL_H25/ILL_H25.instr,COPY(H25_10),H25_10,
McStas,./mcstas-comps/examples/ILL/ILL_H25/ILL_H25.instr,COPY(H25_10),H25_10,
McStas,./mcstas-comps/examples/ILL/ILL_H25/ILL_H25.instr,COPY(H25_10),H25_10,
McStas,./mcstas-comps/examples/ILL/ILL_H5/ILL_H5.instr,COPY(HCS_Al),HCS_Al,
McStas,./mcstas-comps/examples/ILL/ILL_H5/ILL_H5.instr,COPY(HCS_Al),HCS_Al,
McStas,./mcstas-comps/examples/ILL/ILL_H5/ILL_H5.instr,COPY(HCS_Al),HCS_Al,
McStas,./mcstas-comps/examples/ILL/ILL_H5/ILL_H5.instr,COPY(HCS_Al),HCS_Al,
McStas,./mcstas-comps/examples/ILL/ILL_H5/ILL_H5.instr,H53_origin,H5,JUMP+WHEN
McStas,./mcstas-comps/examples/ILL/ILL_H5/ILL_H5.instr,H52_origin,H5,JUMP+WHEN
McStas,./mcstas-comps/examples/ILL/ILL_H5/ILL_H5.instr,H51_origin,H5,JUMP+WHEN
McStas,./mcstas-comps/examples/ILL/ILL_H5/ILL_H5.instr,H53_Al,HCS_Al,
McStas,./mcstas-comps/examples/ILL/ILL_H5/ILL_H5.instr,COPY(HCS_Al),HCS_Al,
McStas,./mcstas-comps/examples/ILL/ILL_H5/ILL_H5.instr,H53_Obt_1,H53_inpile,
McStas,./mcstas-comps/examples/ILL/ILL_H5/ILL_H5.instr,H53_Obt_2,H53_inpile,
McStas,./mcstas-comps/examples/ILL/ILL_H5/ILL_H5.instr,H53_Obt_3,H53_inpile,
McStas,./mcstas-comps/examples/ILL/ILL_H5/ILL_H5.instr,COPY(HCS_Al),HCS_Al,
McStas,./mcstas-comps/examples/ILL/ILL_H5/ILL_H5.instr,H53_Obt_Out,H5,
McStas,./mcstas-comps/examples/ILL/ILL_H5/ILL_H5.instr,COPY(HCS_Al),HCS_Al,
McStas,./mcstas-comps/examples/ILL/ILL_H5/ILL_H5.instr,H53_VSComC1,H53_inpile,
McStas,./mcstas-comps/examples/ILL/ILL_H5/ILL_H5.instr,COPY(HCS_Al),HCS_Al,
McStas,./mcstas-comps/examples/ILL/ILL_H5/ILL_H5.instr,H53_IN14_Monochromator_Cradle,H5,EXTEND
McStas,./mcstas-comps/examples/ILL/ILL_H5/ILL_H5.instr,COPY(HCS_Al),HCS_Al,
McStas,./mcstas-comps/examples/ILL/ILL_H5/ILL_H5.instr,H53_C2,H53_inpile,
McStas,./mcstas-comps/examples/ILL/ILL_H5/ILL_H5.instr,COPY(H53_C2),H53_C2,
McStas,./mcstas-comps/examples/ILL/ILL_H5/ILL_H5.instr,COPY(H53_C2),H53_C2,
McStas,./mcstas-comps/examples/ILL/ILL_H5/ILL_H5.instr,COPY(H53_C2),H53_C2,
McStas,./mcstas-comps/examples/ILL/ILL_H5/ILL_H5.instr,COPY(H53_C2),H53_C2,
McStas,./mcstas-comps/examples/ILL/ILL_H5/ILL_H5.instr,COPY(H53_C2),H53_C2,
McStas,./mcstas-comps/examples/ILL/ILL_H5/ILL_H5.instr,COPY(H53_C2),H53_C2,
McStas,./mcstas-comps/examples/ILL/ILL_H5/ILL_H5.instr,COPY(H53_C2),H53_C2,
McStas,./mcstas-comps/examples/ILL/ILL_H5/ILL_H5.instr,COPY(H53_C2),H53_C2,
McStas,./mcstas-comps/examples/ILL/ILL_H5/ILL_H5.instr,COPY(H53_C2),H53_C2,
McStas,./mcstas-comps/examples/ILL/ILL_H5/ILL_H5.instr,COPY(HCS_Al),HCS_Al,
McStas,./mcstas-comps/examples/ILL/ILL_H5/ILL_H5.instr,H53_VTE,H5,
McStas,./mcstas-comps/examples/ILL/ILL_H5/ILL_H5.instr,COPY(HCS_Al),HCS_Al,
McStas,./mcstas-comps/examples/ILL/ILL_H5/ILL_H5.instr,H53_P14,H53_inpile,
McStas,./mcstas-comps/examples/ILL/ILL_H5/ILL_H5.instr,COPY(H53_P14),H53_P14,
McStas,./mcstas-comps/examples/ILL/ILL_H5/ILL_H5.instr,COPY(H53_P14),H53_P14,
McStas,./mcstas-comps/examples/ILL/ILL_H5/ILL_H5.instr,COPY(H53_P14),H53_P14,
McStas,./mcstas-comps/examples/ILL/ILL_H5/ILL_H5.instr,COPY(H53_P14),H53_P14,
McStas,./mcstas-comps/examples/ILL/ILL_H5/ILL_H5.instr,COPY(H53_P14),H53_P14,
McStas,./mcstas-comps/examples/ILL/ILL_H5/ILL_H5.instr,COPY(H53_P14),H53_P14,
McStas,./mcstas-comps/examples/ILL/ILL_H5/ILL_H5.instr,COPY(H53_P14),H53_P14,
McStas,./mcstas-comps/examples/ILL/ILL_H5/ILL_H5.instr,COPY(H53_P14),H53_P14,
McStas,./mcstas-comps/examples/ILL/ILL_H5/ILL_H5.instr,COPY(H53_P14),H53_P14,
McStas,./mcstas-comps/examples/ILL/ILL_H5/ILL_H5.instr,COPY(H53_P14),H53_P14,
McStas,./mcstas-comps/examples/ILL/ILL_H5/ILL_H5.instr,COPY(H53_P14),H53_P14,
McStas,./mcstas-comps/examples/ILL/ILL_H5/ILL_H5.instr,COPY(H53_P14),H53_P14,
McStas,./mcstas-comps/examples/ILL/ILL_H5/ILL_H5.instr,COPY(H53_P14),H53_P14,
McStas,./mcstas-comps/examples/ILL/ILL_H5/ILL_H5.instr,COPY(H53_P14),H53_P14,
McStas,./mcstas-comps/examples/ILL/ILL_H5/ILL_H5.instr,COPY(H53_P14),H53_P14,
McStas,./mcstas-comps/examples/ILL/ILL_H5/ILL_H5.instr,COPY(H53_P14),H53_P14,
McStas,./mcstas-comps/examples/ILL/ILL_H5/ILL_H5.instr,COPY(H53_P14),H53_P14,
McStas,./mcstas-comps/examples/ILL/ILL_H5/ILL_H5.instr,COPY(H53_P14),H53_P14,
McStas,./mcstas-comps/examples/ILL/ILL_H5/ILL_H5.instr,COPY(HCS_Al),HCS_Al,
McStas,./mcstas-comps/examples/ILL/ILL_H5/ILL_H5.instr,H53_IN16_Monochromator_Cradle,H5,EXTEND
McStas,./mcstas-comps/examples/ILL/ILL_H5/ILL_H5.instr,COPY(HCS_Al),HCS_Al,
McStas,./mcstas-comps/examples/ILL/ILL_H5/ILL_H5.instr,H53_P5,H53_inpile,
McStas,./mcstas-comps/examples/ILL/ILL_H5/ILL_H5.instr,COPY(HCS_Al),HCS_Al,
McStas,./mcstas-comps/examples/ILL/ILL_H5/ILL_H5.instr,H53_D16_Monochromator_Cradle,H5,EXTEND
McStas,./mcstas-comps/examples/ILL/ILL_H5/ILL_H5.instr,COPY(HCS_Al),HCS_Al,
McStas,./mcstas-comps/examples/ILL/ILL_H5/ILL_H5.instr,H53_P6,H53_inpile,
McStas,./mcstas-comps/examples/ILL/ILL_H5/ILL_H5.instr,COPY(HCS_Al),HCS_Al,
McStas,./mcstas-comps/examples/ILL/ILL_H5/ILL_H5.instr,H53_SADAM_Monochromator_Cradle,H5,EXTEND
McStas,./mcstas-comps/examples/ILL/ILL_H5/ILL_H5.instr,COPY(HCS_Al),HCS_Al,
McStas,./mcstas-comps/examples/ILL/ILL_H5/ILL_H5.instr,H53_P7,H53_inpile,
McStas,./mcstas-comps/examples/ILL/ILL_H5/ILL_H5.instr,COPY(HCS_Al),HCS_Al,
McStas,./mcstas-comps/examples/ILL/ILL_H5/ILL_H5.instr,H53_CryoEDM_mirror_TransmitXY,H53_CryoEDM_mirror_ReflectXY,EXTEND+WHEN
McStas,./mcstas-comps/examples/ILL/ILL_H5/ILL_H5.instr,H53_CryoEDM_Sample_Div,H53_CryoEDM_Sample_L,
McStas,./mcstas-comps/examples/ILL/ILL_H5/ILL_H5.instr,H53_CryoEDM_Sample_XY,H53_CryoEDM_Sample_L,EXTEND
McStas,./mcstas-comps/examples/ILL/ILL_H5/ILL_H5.instr,H52_inpile,H53_inpile,
McStas,./mcstas-comps/examples/ILL/ILL_H5/ILL_H5.instr,H52_Obt_1,PREVIOUS,
McStas,./mcstas-comps/examples/ILL/ILL_H5/ILL_H5.instr,H52_Obt_2,PREVIOUS,
McStas,./mcstas-comps/examples/ILL/ILL_H5/ILL_H5.instr,H52_Obt_3,PREVIOUS,
McStas,./mcstas-comps/examples/ILL/ILL_H5/ILL_H5.instr,COPY(HCS_Al),HCS_Al,
McStas,./mcstas-comps/examples/ILL/ILL_H5/ILL_H5.instr,H52_Obt_Out,H5,EXTEND
McStas,./mcstas-comps/examples/ILL/ILL_H5/ILL_H5.instr,H51_inpile,H53_inpile,
McStas,./mcstas-comps/examples/ILL/ILL_H5/ILL_H5.instr,H51_Obt_1,PREVIOUS,
McStas,./mcstas-comps/examples/ILL/ILL_H5/ILL_H5.instr,H51_Obt_2,PREVIOUS,
McStas,./mcstas-comps/examples/ILL/ILL_H5/ILL_H5.instr,H51_Obt_3,PREVIOUS,
McStas,./mcstas-comps/examples/ILL/ILL_H5/ILL_H5.instr,COPY(HCS_Al),HCS_Al,
McStas,./mcstas-comps/examples/ILL/ILL_H5/ILL_H5.instr,H51_Obt_Out,H5,
McStas,./mcstas-comps/examples/ILL/ILL_H5/ILL_H5.instr,COPY(HCS_Al),HCS_Al,
McStas,./mcstas-comps/examples/ILL/ILL_H5/ILL_H5.instr,H51_S2,H53_inpile,
McStas,./mcstas-comps/examples/ILL/ILL_H5/ILL_H5.instr,COPY(H51_S2),H51_S2,
McStas,./mcstas-comps/examples/ILL/ILL_H5/ILL_H5.instr,COPY(H51_S2),H51_S2,
McStas,./mcstas-comps/examples/ILL/ILL_H5/ILL_H5.instr,HCS_Al_H51,HCS_Al,
McStas,./mcstas-comps/examples/ILL/ILL_H5/ILL_H5.instr,H51_S2_Out,H5,
McStas,./mcstas-comps/examples/ILL/ILL_H5/ILL_H5.instr,H51_split_2,H5,JUMP+WHEN
McStas,./mcstas-comps/examples/ILL/ILL_H5/ILL_H5.instr,H51_split_1,H5,JUMP+WHEN
McStas,./mcstas-comps/examples/ILL/ILL_H5/ILL_H5.instr,H511_mirror_TransmitXY,H511_mirror_ReflectXY,EXTEND+WHEN
McStas,./mcstas-comps/examples/ILL/ILL_H5/ILL_H5.instr,H511_mirror_outdXY,H511_mirror_ReflectXY,
McStas,./mcstas-comps/examples/ILL/ILL_H5/ILL_H5.instr,H511_S3,H51_S2,
McStas,./mcstas-comps/examples/ILL/ILL_H5/ILL_H5.instr,H511_S9,H51_S2,
McStas,./mcstas-comps/examples/ILL/ILL_H5/ILL_H5.instr,COPY(HCS_Al),HCS_Al,
McStas,./mcstas-comps/examples/ILL/ILL_H5/ILL_H5.instr,H511_VTE,H5,
McStas,./mcstas-comps/examples/ILL/ILL_H5/ILL_H5.instr,COPY(HCS_Al),HCS_Al,
McStas,./mcstas-comps/examples/ILL/ILL_H5/ILL_H5.instr,H511_S10,H51_S2,
McStas,./mcstas-comps/examples/ILL/ILL_H5/ILL_H5.instr,H511_BeforeV,H511_S10,
McStas,./mcstas-comps/examples/ILL/ILL_H5/ILL_H5.instr,H511_AfterV,H511_S10,
McStas,./mcstas-comps/examples/ILL/ILL_H5/ILL_H5.instr,H512_S36,H53_inpile,
McStas,./mcstas-comps/examples/ILL/ILL_H5/ILL_H5.instr,COPY(H512_S36),H512_S36,
McStas,./mcstas-comps/examples/ILL/ILL_H5/ILL_H5.instr,COPY(H512_S36),H512_S36,
McStas,./mcstas-comps/examples/ILL/ILL_H5/ILL_H5.instr,COPY(H512_S36),H512_S36,
McStas,./mcstas-comps/examples/ILL/ILL_H5/ILL_H5.instr,COPY(H512_S36),H512_S36,
McStas,./mcstas-comps/examples/ILL/ILL_H5/ILL_H5.instr,COPY(H512_S36),H512_S36,
McStas,./mcstas-comps/examples/ILL/ILL_H5/ILL_H5.instr,COPY(H512_S36),H512_S36,
McStas,./mcstas-comps/examples/ILL/ILL_H5/ILL_H5.instr,COPY(H512_S36),H512_S36,
McStas,./mcstas-comps/examples/ILL/ILL_H5/ILL_H5.instr,COPY(H512_S36),H512_S36,
McStas,./mcstas-comps/examples/ILL/ILL_H5/ILL_H5.instr,COPY(H512_S36),H512_S36,
McStas,./mcstas-comps/examples/ILL/ILL_H5/ILL_H5.instr,COPY(H512_S36),H512_S36,
McStas,./mcstas-comps/examples/ILL/ILL_H5/ILL_H5.instr,COPY(H512_S36),H512_S36,
McStas,./mcstas-comps/examples/ILL/ILL_H5/ILL_H5.instr,COPY(H512_S36),H512_S36,
McStas,./mcstas-comps/examples/ILL/ILL_H5/ILL_H5.instr,COPY(H512_S36),H512_S36,
McStas,./mcstas-comps/examples/ILL/ILL_H5/ILL_H5.instr,COPY(H512_S36),H512_S36,
McStas,./mcstas-comps/examples/ILL/ILL_H5/ILL_H5.instr,COPY(H512_S36),H512_S36,
McStas,./mcstas-comps/examples/ILL/ILL_H5/ILL_H5.instr,HCS_Al_H512,HCS_Al,
McStas,./mcstas-comps/examples/ILL/ILL_H5/ILL_H5.instr,H512_VTE,H5,
McStas,./mcstas-comps/examples/ILL/ILL_H5/ILL_H5.instr,COPY(HCS_Al),HCS_Al,
McStas,./mcstas-comps/examples/ILL/ILL_H5/ILL_H5.instr,H51_S78,H53_inpile,
McStas,./mcstas-comps/examples/ILL/ILL_H5/ILL_H5.instr,COPY(H51_S78),H51_S78,
McStas,./mcstas-comps/examples/ILL/ILL_H5/ILL_H5.instr,COPY(H51_S78),H51_S78,
McStas,./mcstas-comps/examples/ILL/ILL_H5/ILL_H5.instr,COPY(H51_S78),H51_S78,
McStas,./mcstas-comps/examples/ILL/ILL_H5/ILL_H5.instr,COPY(HCS_Al),HCS_Al,
McStas,./mcstas-comps/examples/ILL/ILL_H5/ILL_H5.instr,H512_S11,H53_inpile,
McStas,./mcstas-comps/examples/ILL/ILL_H5/ILL_H5.instr,COPY(HCS_Al),HCS_Al,
McStas,./mcstas-comps/examples/ILL/ILL_H5/ILL_H5.instr,D22_Collimation,H53_inpile,
McStas,./mcstas-comps/examples/ILL/ILL_H512_D22/ILL_H512_D22.instr,COPY(HCS_Al),HCS_Al,
McStas,./mcstas-comps/examples/ILL/ILL_H512_D22/ILL_H512_D22.instr,COPY(HCS_Al),HCS_Al,
McStas,./mcstas-comps/examples/ILL/ILL_H512_D22/ILL_H512_D22.instr,COPY(HCS_Al),HCS_Al,
McStas,./mcstas-comps/examples/ILL/ILL_H512_D22/ILL_H512_D22.instr,COPY(HCS_Al),HCS_Al,
McStas,./mcstas-comps/examples/ILL/ILL_H512_D22/ILL_H512_D22.instr,H51_origin,H5,
McStas,./mcstas-comps/examples/ILL/ILL_H512_D22/ILL_H512_D22.instr,H51_Obt_1,PREVIOUS,
McStas,./mcstas-comps/examples/ILL/ILL_H512_D22/ILL_H512_D22.instr,H51_Obt_2,PREVIOUS,
McStas,./mcstas-comps/examples/ILL/ILL_H512_D22/ILL_H512_D22.instr,H51_Obt_3,PREVIOUS,
McStas,./mcstas-comps/examples/ILL/ILL_H512_D22/ILL_H512_D22.instr,COPY(HCS_Al),HCS_Al,
McStas,./mcstas-comps/examples/ILL/ILL_H512_D22/ILL_H512_D22.instr,H51_Obt_Out,H5,
McStas,./mcstas-comps/examples/ILL/ILL_H512_D22/ILL_H512_D22.instr,COPY(HCS_Al),HCS_Al,
McStas,./mcstas-comps/examples/ILL/ILL_H512_D22/ILL_H512_D22.instr,H51_S2,H51_inpile,
McStas,./mcstas-comps/examples/ILL/ILL_H512_D22/ILL_H512_D22.instr,COPY(H51_S2),H51_S2,
McStas,./mcstas-comps/examples/ILL/ILL_H512_D22/ILL_H512_D22.instr,COPY(H51_S2),H51_S2,
McStas,./mcstas-comps/examples/ILL/ILL_H512_D22/ILL_H512_D22.instr,HCS_Al_H51,HCS_Al,
McStas,./mcstas-comps/examples/ILL/ILL_H512_D22/ILL_H512_D22.instr,H51_S2_Out,H5,
McStas,./mcstas-comps/examples/ILL/ILL_H512_D22/ILL_H512_D22.instr,H51_split_2,H5,EXTEND
McStas,./mcstas-comps/examples/ILL/ILL_H512_D22/ILL_H512_D22.instr,H51_split_1,H5,EXTEND
McStas,./mcstas-comps/examples/ILL/ILL_H512_D22/ILL_H512_D22.instr,H512_S36,H51_inpile,
McStas,./mcstas-comps/examples/ILL/ILL_H512_D22/ILL_H512_D22.instr,COPY(H512_S36),H512_S36,
McStas,./mcstas-comps/examples/ILL/ILL_H512_D22/ILL_H512_D22.instr,COPY(H512_S36),H512_S36,
McStas,./mcstas-comps/examples/ILL/ILL_H512_D22/ILL_H512_D22.instr,COPY(H512_S36),H512_S36,
McStas,./mcstas-comps/examples/ILL/ILL_H512_D22/ILL_H512_D22.instr,COPY(H512_S36),H512_S36,
McStas,./mcstas-comps/examples/ILL/ILL_H512_D22/ILL_H512_D22.instr,COPY(H512_S36),H512_S36,
McStas,./mcstas-comps/examples/ILL/ILL_H512_D22/ILL_H512_D22.instr,COPY(H512_S36),H512_S36,
McStas,./mcstas-comps/examples/ILL/ILL_H512_D22/ILL_H512_D22.instr,COPY(H512_S36),H512_S36,
McStas,./mcstas-comps/examples/ILL/ILL_H512_D22/ILL_H512_D22.instr,COPY(H512_S36),H512_S36,
McStas,./mcstas-comps/examples/ILL/ILL_H512_D22/ILL_H512_D22.instr,COPY(H512_S36),H512_S36,
McStas,./mcstas-comps/examples/ILL/ILL_H512_D22/ILL_H512_D22.instr,COPY(H512_S36),H512_S36,
McStas,./mcstas-comps/examples/ILL/ILL_H512_D22/ILL_H512_D22.instr,COPY(H512_S36),H512_S36,
McStas,./mcstas-comps/examples/ILL/ILL_H512_D22/ILL_H512_D22.instr,COPY(H512_S36),H512_S36,
McStas,./mcstas-comps/examples/ILL/ILL_H512_D22/ILL_H512_D22.instr,COPY(H512_S36),H512_S36,
McStas,./mcstas-comps/examples/ILL/ILL_H512_D22/ILL_H512_D22.instr,COPY(H512_S36),H512_S36,
McStas,./mcstas-comps/examples/ILL/ILL_H512_D22/ILL_H512_D22.instr,COPY(H512_S36),H512_S36,
McStas,./mcstas-comps/examples/ILL/ILL_H512_D22/ILL_H512_D22.instr,HCS_Al_H512,HCS_Al,
McStas,./mcstas-comps/examples/ILL/ILL_H512_D22/ILL_H512_D22.instr,H512_VTE,H5,
McStas,./mcstas-comps/examples/ILL/ILL_H512_D22/ILL_H512_D22.instr,COPY(HCS_Al),HCS_Al,
McStas,./mcstas-comps/examples/ILL/ILL_H512_D22/ILL_H512_D22.instr,H51_S78,H51_inpile,
McStas,./mcstas-comps/examples/ILL/ILL_H512_D22/ILL_H512_D22.instr,COPY(H51_S78),H51_S78,
McStas,./mcstas-comps/examples/ILL/ILL_H512_D22/ILL_H512_D22.instr,COPY(H51_S78),H51_S78,
McStas,./mcstas-comps/examples/ILL/ILL_H512_D22/ILL_H512_D22.instr,COPY(H51_S78),H51_S78,
McStas,./mcstas-comps/examples/ILL/ILL_H512_D22/ILL_H512_D22.instr,COPY(HCS_Al),HCS_Al,
McStas,./mcstas-comps/examples/ILL/ILL_H512_D22/ILL_H512_D22.instr,H512_S11,H51_inpile,
McStas,./mcstas-comps/examples/ILL/ILL_H512_D22/ILL_H512_D22.instr,COPY(HCS_Al),HCS_Al,
McStas,./mcstas-comps/examples/ILL/ILL_H512_D22/ILL_H512_D22.instr,D22_Collimation,H51_inpile,
McStas,./mcstas-comps/examples/ILL/ILL_H53/ILL_H53.instr,CarterVS2,PREVIOUS,
McStas,./mcstas-comps/examples/ILL/ILL_H53/ILL_H53.instr,H53_COM_2,PREVIOUS,
McStas,./mcstas-comps/examples/ILL/ILL_H53/ILL_H53.instr,H53_COM_3,PREVIOUS,
McStas,./mcstas-comps/examples/ILL/ILL_H53/ILL_H53.instr,H53_COM_4,PREVIOUS,
McStas,./mcstas-comps/examples/ILL/ILL_H53/ILL_H53.instr,H53_C1_2,PREVIOUS,
McStas,./mcstas-comps/examples/ILL/ILL_H53/ILL_H53.instr,H53_C1_3,PREVIOUS,
McStas,./mcstas-comps/examples/ILL/ILL_H53/ILL_H53.instr,H53_C2_2,PREVIOUS,
McStas,./mcstas-comps/examples/ILL/ILL_H53/ILL_H53.instr,H53_C2_3,PREVIOUS,
McStas,./mcstas-comps/examples/ILL/ILL_H53/ILL_H53.instr,H53_C2_4,PREVIOUS,
McStas,./mcstas-comps/examples/ILL/ILL_H53/ILL_H53.instr,H53_C2_5,PREVIOUS,
McStas,./mcstas-comps/examples/ILL/ILL_H53/ILL_H53.instr,H53_C2_6,PREVIOUS,
McStas,./mcstas-comps/examples/ILL/ILL_H53/ILL_H53.instr,H53_C2_7,PREVIOUS,
McStas,./mcstas-comps/examples/ILL/ILL_H53/ILL_H53.instr,H53_C3_2,PREVIOUS,
McStas,./mcstas-comps/examples/ILL/ILL_H53/ILL_H53.instr,H53_C3_3,PREVIOUS,
McStas,./mcstas-comps/examples/ILL/ILL_H53/ILL_H53.instr,H53_P1_2,PREVIOUS,
McStas,./mcstas-comps/examples/ILL/ILL_H53/ILL_H53.instr,H53_P1_3,PREVIOUS,
McStas,./mcstas-comps/examples/ILL/ILL_H53/ILL_H53.instr,H53_P1_4,PREVIOUS,
McStas,./mcstas-comps/examples/ILL/ILL_H53/ILL_H53.instr,H53_P2_2,PREVIOUS,
McStas,./mcstas-comps/examples/ILL/ILL_H53/ILL_H53.instr,H53_P2_3,PREVIOUS,
McStas,./mcstas-comps/examples/ILL/ILL_H53/ILL_H53.instr,H53_P2_4,PREVIOUS,
McStas,./mcstas-comps/examples/ILL/ILL_H53/ILL_H53.instr,H53_P2_5,PREVIOUS,
McStas,./mcstas-comps/examples/ILL/ILL_H53/ILL_H53.instr,H53_P3_2,PREVIOUS,
McStas,./mcstas-comps/examples/ILL/ILL_H53/ILL_H53.instr,H53_P3_3,PREVIOUS,
McStas,./mcstas-comps/examples/ILL/ILL_H53/ILL_H53.instr,H53_P3_4,PREVIOUS,
McStas,./mcstas-comps/examples/ILL/ILL_H53/ILL_H53.instr,H53_P3_5,PREVIOUS,
McStas,./mcstas-comps/examples/ILL/ILL_H53/ILL_H53.instr,H53_P4_2,PREVIOUS,
McStas,./mcstas-comps/examples/ILL/ILL_H53/ILL_H53.instr,H53_P4_3,PREVIOUS,
McStas,./mcstas-comps/examples/ILL/ILL_H53/ILL_H53.instr,H53_P4_4,PREVIOUS,
McStas,./mcstas-comps/examples/ILL/ILL_H53/ILL_H53.instr,H53_P4_5,PREVIOUS,
McStas,./mcstas-comps/examples/ILL/ILL_H53/ILL_H53.instr,H53_P5_2,PREVIOUS,
McStas,./mcstas-comps/examples/ILL/ILL_H53/ILL_H53.instr,H53_P5_3,PREVIOUS,
McStas,./mcstas-comps/examples/ILL/ILL_H5_new/ILL_H5_new.instr,COPY(HCS_Al),HCS_Al,
McStas,./mcstas-comps/examples/ILL/ILL_H5_new/ILL_H5_new.instr,COPY(HCS_Al),HCS_Al,
McStas,./mcstas-comps/examples/ILL/ILL_H5_new/ILL_H5_new.instr,COPY(HCS_Al),HCS_Al,
McStas,./mcstas-comps/examples/ILL/ILL_H5_new/ILL_H5_new.instr,COPY(HCS_Al),HCS_Al,
McStas,./mcstas-comps/examples/ILL/ILL_H5_new/ILL_H5_new.instr,H52_origin,H53_origin,JUMP+WHEN
McStas,./mcstas-comps/examples/ILL/ILL_H5_new/ILL_H5_new.instr,H51_origin,H53_origin,JUMP+WHEN
McStas,./mcstas-comps/examples/ILL/ILL_H5_new/ILL_H5_new.instr,H53_inpile,H5_rect,
McStas,./mcstas-comps/examples/ILL/ILL_H5_new/ILL_H5_new.instr,H53_Al,HCS_Al,
McStas,./mcstas-comps/examples/ILL/ILL_H5_new/ILL_H5_new.instr,H53_Obt,H5_rect,
McStas,./mcstas-comps/examples/ILL/ILL_H5_new/ILL_H5_new.instr,COPY(HCS_Al),HCS_Al,
McStas,./mcstas-comps/examples/ILL/ILL_H5_new/ILL_H5_new.instr,H53_Obt_Out,H5,
McStas,./mcstas-comps/examples/ILL/ILL_H5_new/ILL_H5_new.instr,COPY(HCS_Al),HCS_Al,
McStas,./mcstas-comps/examples/ILL/ILL_H5_new/ILL_H5_new.instr,H53_VSComC1,H53_inpile,
McStas,./mcstas-comps/examples/ILL/ILL_H5_new/ILL_H5_new.instr,COPY(HCS_Al),HCS_Al,
McStas,./mcstas-comps/examples/ILL/ILL_H5_new/ILL_H5_new.instr,COPY(HCS_Al),HCS_Al,
McStas,./mcstas-comps/examples/ILL/ILL_H5_new/ILL_H5_new.instr,H53_ThALES_Monochromator_Cradle,H5,EXTEND
McStas,./mcstas-comps/examples/ILL/ILL_H5_new/ILL_H5_new.instr,H52_inpile,H5_rect,
McStas,./mcstas-comps/examples/ILL/ILL_H5_new/ILL_H5_new.instr,H52_Common,H52_inpile,
McStas,./mcstas-comps/examples/ILL/ILL_H5_new/ILL_H5_new.instr,COPY(H52_Common),PREVIOUS,
McStas,./mcstas-comps/examples/ILL/ILL_H5_new/ILL_H5_new.instr,H52_Common_3,PREVIOUS,
McStas,./mcstas-comps/examples/ILL/ILL_H5_new/ILL_H5_new.instr,COPY(HCS_Al),HCS_Al,
McStas,./mcstas-comps/examples/ILL/ILL_H5_new/ILL_H5_new.instr,H52_Obt_Out,H5,
McStas,./mcstas-comps/examples/ILL/ILL_H5_new/ILL_H5_new.instr,COPY(HCS_Al),HCS_Al,
McStas,./mcstas-comps/examples/ILL/ILL_H5_new/ILL_H5_new.instr,COPY(H52_Common),H52_Common_3,
McStas,./mcstas-comps/examples/ILL/ILL_H5_new/ILL_H5_new.instr,COPY(H52_Common),PREVIOUS,
McStas,./mcstas-comps/examples/ILL/ILL_H5_new/ILL_H5_new.instr,COPY(H52_Common),PREVIOUS,
McStas,./mcstas-comps/examples/ILL/ILL_H5_new/ILL_H5_new.instr,COPY(H52_Common),PREVIOUS,
McStas,./mcstas-comps/examples/ILL/ILL_H5_new/ILL_H5_new.instr,COPY(H52_Common),PREVIOUS,
McStas,./mcstas-comps/examples/ILL/ILL_H5_new/ILL_H5_new.instr,COPY(H52_Common),PREVIOUS,
McStas,./mcstas-comps/examples/ILL/ILL_H5_new/ILL_H5_new.instr,COPY(H52_Common),PREVIOUS,
McStas,./mcstas-comps/examples/ILL/ILL_H5_new/ILL_H5_new.instr,COPY(H52_Common),PREVIOUS,
McStas,./mcstas-comps/examples/ILL/ILL_H5_new/ILL_H5_new.instr,COPY(H52_Common),PREVIOUS,
McStas,./mcstas-comps/examples/ILL/ILL_H5_new/ILL_H5_new.instr,COPY(H52_Common),PREVIOUS,
McStas,./mcstas-comps/examples/ILL/ILL_H5_new/ILL_H5_new.instr,COPY(H52_Common),PREVIOUS,
McStas,./mcstas-comps/examples/ILL/ILL_H5_new/ILL_H5_new.instr,COPY(H52_Common),PREVIOUS,
McStas,./mcstas-comps/examples/ILL/ILL_H5_new/ILL_H5_new.instr,COPY(H52_Common),PREVIOUS,
McStas,./mcstas-comps/examples/ILL/ILL_H5_new/ILL_H5_new.instr,COPY(HCS_Al),HCS_Al,
McStas,./mcstas-comps/examples/ILL/ILL_H5_new/ILL_H5_new.instr,H521_origin,H523_origin,JUMP+WHEN
McStas,./mcstas-comps/examples/ILL/ILL_H5_new/ILL_H5_new.instr,H522_origin,H53_origin,JUMP+WHEN
McStas,./mcstas-comps/examples/ILL/ILL_H5_new/ILL_H5_new.instr,H521_Curved,H5_rect,
McStas,./mcstas-comps/examples/ILL/ILL_H5_new/ILL_H5_new.instr,COPY(H521_Curved),PREVIOUS,
McStas,./mcstas-comps/examples/ILL/ILL_H5_new/ILL_H5_new.instr,COPY(H521_Curved),PREVIOUS,
McStas,./mcstas-comps/examples/ILL/ILL_H5_new/ILL_H5_new.instr,COPY(H521_Curved),PREVIOUS,
McStas,./mcstas-comps/examples/ILL/ILL_H5_new/ILL_H5_new.instr,COPY(H521_Curved),PREVIOUS,
McStas,./mcstas-comps/examples/ILL/ILL_H5_new/ILL_H5_new.instr,COPY(H521_Curved),PREVIOUS,
McStas,./mcstas-comps/examples/ILL/ILL_H5_new/ILL_H5_new.instr,COPY(H521_Curved),PREVIOUS,
McStas,./mcstas-comps/examples/ILL/ILL_H5_new/ILL_H5_new.instr,COPY(H521_Curved),PREVIOUS,
McStas,./mcstas-comps/examples/ILL/ILL_H5_new/ILL_H5_new.instr,COPY(H521_Curved),PREVIOUS,
McStas,./mcstas-comps/examples/ILL/ILL_H5_new/ILL_H5_new.instr,COPY(H521_Curved),PREVIOUS,
McStas,./mcstas-comps/examples/ILL/ILL_H5_new/ILL_H5_new.instr,COPY(H521_Curved),PREVIOUS,
McStas,./mcstas-comps/examples/ILL/ILL_H5_new/ILL_H5_new.instr,H521_Curved_preVTE,PREVIOUS,
McStas,./mcstas-comps/examples/ILL/ILL_H5_new/ILL_H5_new.instr,COPY(HCS_Al),HCS_Al,
McStas,./mcstas-comps/examples/ILL/ILL_H5_new/ILL_H5_new.instr,H521_VTE,H5,
McStas,./mcstas-comps/examples/ILL/ILL_H5_new/ILL_H5_new.instr,COPY(HCS_Al),HCS_Al,
McStas,./mcstas-comps/examples/ILL/ILL_H5_new/ILL_H5_new.instr,COPY(H521_Curved),H521_Curved_preVTE,
McStas,./mcstas-comps/examples/ILL/ILL_H5_new/ILL_H5_new.instr,COPY(H521_Curved),PREVIOUS,
McStas,./mcstas-comps/examples/ILL/ILL_H5_new/ILL_H5_new.instr,COPY(H521_Curved),PREVIOUS,
McStas,./mcstas-comps/examples/ILL/ILL_H5_new/ILL_H5_new.instr,COPY(H521_Curved),PREVIOUS,
McStas,./mcstas-comps/examples/ILL/ILL_H5_new/ILL_H5_new.instr,COPY(H521_Curved),PREVIOUS,
McStas,./mcstas-comps/examples/ILL/ILL_H5_new/ILL_H5_new.instr,COPY(H521_Curved),PREVIOUS,
McStas,./mcstas-comps/examples/ILL/ILL_H5_new/ILL_H5_new.instr,COPY(H521_Curved),PREVIOUS,
McStas,./mcstas-comps/examples/ILL/ILL_H5_new/ILL_H5_new.instr,COPY(H521_Curved),PREVIOUS,
McStas,./mcstas-comps/examples/ILL/ILL_H5_new/ILL_H5_new.instr,COPY(H521_Curved),PREVIOUS,
McStas,./mcstas-comps/examples/ILL/ILL_H5_new/ILL_H5_new.instr,COPY(H521_Curved),PREVIOUS,
McStas,./mcstas-comps/examples/ILL/ILL_H5_new/ILL_H5_new.instr,COPY(H521_Curved),PREVIOUS,
McStas,./mcstas-comps/examples/ILL/ILL_H5_new/ILL_H5_new.instr,COPY(H521_Curved),PREVIOUS,
McStas,./mcstas-comps/examples/ILL/ILL_H5_new/ILL_H5_new.instr,COPY(H521_Curved),PREVIOUS,
McStas,./mcstas-comps/examples/ILL/ILL_H5_new/ILL_H5_new.instr,COPY(H521_Curved),PREVIOUS,
McStas,./mcstas-comps/examples/ILL/ILL_H5_new/ILL_H5_new.instr,COPY(H521_Curved),PREVIOUS,
McStas,./mcstas-comps/examples/ILL/ILL_H5_new/ILL_H5_new.instr,COPY(H521_Curved),PREVIOUS,
McStas,./mcstas-comps/examples/ILL/ILL_H5_new/ILL_H5_new.instr,COPY(H521_Curved),PREVIOUS,
McStas,./mcstas-comps/examples/ILL/ILL_H5_new/ILL_H5_new.instr,COPY(H521_Curved),PREVIOUS,
McStas,./mcstas-comps/examples/ILL/ILL_H5_new/ILL_H5_new.instr,COPY(H521_Curved),PREVIOUS,
McStas,./mcstas-comps/examples/ILL/ILL_H5_new/ILL_H5_new.instr,COPY(H521_Curved),PREVIOUS,
McStas,./mcstas-comps/examples/ILL/ILL_H5_new/ILL_H5_new.instr,COPY(H521_Curved),PREVIOUS,
McStas,./mcstas-comps/examples/ILL/ILL_H5_new/ILL_H5_new.instr,COPY(H521_Curved),PREVIOUS,
McStas,./mcstas-comps/examples/ILL/ILL_H5_new/ILL_H5_new.instr,COPY(H521_Curved),PREVIOUS,
McStas,./mcstas-comps/examples/ILL/ILL_H5_new/ILL_H5_new.instr,COPY(HCS_Al),HCS_Al,
McStas,./mcstas-comps/examples/ILL/ILL_H5_new/ILL_H5_new.instr,COPY(HCS_Al),HCS_Al,
McStas,./mcstas-comps/examples/ILL/ILL_H5_new/ILL_H5_new.instr,H521_D16_Monochromator_Cradle,H5,EXTEND
McStas,./mcstas-comps/examples/ILL/ILL_H5_new/ILL_H5_new.instr,COPY(HCS_Al),HCS_Al,
McStas,./mcstas-comps/examples/ILL/ILL_H5_new/ILL_H5_new.instr,H521_P6,H53_inpile,
McStas,./mcstas-comps/examples/ILL/ILL_H5_new/ILL_H5_new.instr,COPY(HCS_Al),HCS_Al,
McStas,./mcstas-comps/examples/ILL/ILL_H5_new/ILL_H5_new.instr,H521_SADAM_Monochromator_Cradle,H5,EXTEND
McStas,./mcstas-comps/examples/ILL/ILL_H5_new/ILL_H5_new.instr,H522_Curved,H5_rect,
McStas,./mcstas-comps/examples/ILL/ILL_H5_new/ILL_H5_new.instr,COPY(H522_Curved),PREVIOUS,
McStas,./mcstas-comps/examples/ILL/ILL_H5_new/ILL_H5_new.instr,COPY(H522_Curved),PREVIOUS,
McStas,./mcstas-comps/examples/ILL/ILL_H5_new/ILL_H5_new.instr,COPY(H522_Curved),PREVIOUS,
McStas,./mcstas-comps/examples/ILL/ILL_H5_new/ILL_H5_new.instr,COPY(H522_Curved),PREVIOUS,
McStas,./mcstas-comps/examples/ILL/ILL_H5_new/ILL_H5_new.instr,COPY(H522_Curved),PREVIOUS,
McStas,./mcstas-comps/examples/ILL/ILL_H5_new/ILL_H5_new.instr,COPY(H522_Curved),PREVIOUS,
McStas,./mcstas-comps/examples/ILL/ILL_H5_new/ILL_H5_new.instr,COPY(H522_Curved),PREVIOUS,
McStas,./mcstas-comps/examples/ILL/ILL_H5_new/ILL_H5_new.instr,COPY(H522_Curved),PREVIOUS,
McStas,./mcstas-comps/examples/ILL/ILL_H5_new/ILL_H5_new.instr,COPY(H522_Curved),PREVIOUS,
McStas,./mcstas-comps/examples/ILL/ILL_H5_new/ILL_H5_new.instr,COPY(HCS_Al),HCS_Al,
McStas,./mcstas-comps/examples/ILL/ILL_H5_new/ILL_H5_new.instr,H522_VTE,H5,
McStas,./mcstas-comps/examples/ILL/ILL_H5_new/ILL_H5_new.instr,COPY(HCS_Al),HCS_Al,
McStas,./mcstas-comps/examples/ILL/ILL_H5_new/ILL_H5_new.instr,COPY(H523_Curved),H5_rect,
McStas,./mcstas-comps/examples/ILL/ILL_H5_new/ILL_H5_new.instr,COPY(H523_Curved),PREVIOUS,
McStas,./mcstas-comps/examples/ILL/ILL_H5_new/ILL_H5_new.instr,COPY(H523_Curved),PREVIOUS,
McStas,./mcstas-comps/examples/ILL/ILL_H5_new/ILL_H5_new.instr,COPY(H523_Curved),PREVIOUS,
McStas,./mcstas-comps/examples/ILL/ILL_H5_new/ILL_H5_new.instr,COPY(H523_Curved),PREVIOUS,
McStas,./mcstas-comps/examples/ILL/ILL_H5_new/ILL_H5_new.instr,COPY(H522_Curved),PREVIOUS,
McStas,./mcstas-comps/examples/ILL/ILL_H5_new/ILL_H5_new.instr,COPY(H522_Curved),PREVIOUS,
McStas,./mcstas-comps/examples/ILL/ILL_H5_new/ILL_H5_new.instr,COPY(H522_Curved),PREVIOUS,
McStas,./mcstas-comps/examples/ILL/ILL_H5_new/ILL_H5_new.instr,COPY(H522_Curved),PREVIOUS,
McStas,./mcstas-comps/examples/ILL/ILL_H5_new/ILL_H5_new.instr,COPY(H522_Curved),PREVIOUS,
McStas,./mcstas-comps/examples/ILL/ILL_H5_new/ILL_H5_new.instr,COPY(H522_Curved),PREVIOUS,
McStas,./mcstas-comps/examples/ILL/ILL_H5_new/ILL_H5_new.instr,COPY(H522_Curved),PREVIOUS,
McStas,./mcstas-comps/examples/ILL/ILL_H5_new/ILL_H5_new.instr,COPY(H522_Curved),PREVIOUS,
McStas,./mcstas-comps/examples/ILL/ILL_H5_new/ILL_H5_new.instr,COPY(H522_Curved),PREVIOUS,
McStas,./mcstas-comps/examples/ILL/ILL_H5_new/ILL_H5_new.instr,COPY(H522_Curved),PREVIOUS,
McStas,./mcstas-comps/examples/ILL/ILL_H5_new/ILL_H5_new.instr,COPY(H522_Curved),PREVIOUS,
McStas,./mcstas-comps/examples/ILL/ILL_H5_new/ILL_H5_new.instr,COPY(H522_Curved),PREVIOUS,
McStas,./mcstas-comps/examples/ILL/ILL_H5_new/ILL_H5_new.instr,COPY(H522_Curved),PREVIOUS,
McStas,./mcstas-comps/examples/ILL/ILL_H5_new/ILL_H5_new.instr,COPY(H522_Curved),PREVIOUS,
McStas,./mcstas-comps/examples/ILL/ILL_H5_new/ILL_H5_new.instr,COPY(H522_Curved),PREVIOUS,
McStas,./mcstas-comps/examples/ILL/ILL_H5_new/ILL_H5_new.instr,COPY(H522_Curved),PREVIOUS,
McStas,./mcstas-comps/examples/ILL/ILL_H5_new/ILL_H5_new.instr,COPY(H522_Curved),PREVIOUS,
McStas,./mcstas-comps/examples/ILL/ILL_H5_new/ILL_H5_new.instr,COPY(H522_Curved),PREVIOUS,
McStas,./mcstas-comps/examples/ILL/ILL_H5_new/ILL_H5_new.instr,COPY(H522_Curved),PREVIOUS,
McStas,./mcstas-comps/examples/ILL/ILL_H5_new/ILL_H5_new.instr,COPY(H522_Curved),PREVIOUS,
McStas,./mcstas-comps/examples/ILL/ILL_H5_new/ILL_H5_new.instr,COPY(HCS_Al),HCS_Al,
McStas,./mcstas-comps/examples/ILL/ILL_H5_new/ILL_H5_new.instr,H522_Curved_Out_XL,PREVIOUS,
McStas,./mcstas-comps/examples/ILL/ILL_H5_new/ILL_H5_new.instr,COPY(HCS_Al),HCS_Al,
McStas,./mcstas-comps/examples/ILL/ILL_H5_new/ILL_H5_new.instr,COPY(HCS_Al),HCS_Al,
McStas,./mcstas-comps/examples/ILL/ILL_H5_new/ILL_H5_new.instr,H522_mirror_TransmitXY,H522_mirror_ReflectXY,EXTEND+WHEN
McStas,./mcstas-comps/examples/ILL/ILL_H5_new/ILL_H5_new.instr,H522_mirror_outdXY,H522_mirror_ReflectXY,
McStas,./mcstas-comps/examples/ILL/ILL_H5_new/ILL_H5_new.instr,H523_Curved,H5_rect,
McStas,./mcstas-comps/examples/ILL/ILL_H5_new/ILL_H5_new.instr,COPY(H523_Curved),PREVIOUS,
McStas,./mcstas-comps/examples/ILL/ILL_H5_new/ILL_H5_new.instr,COPY(H523_Curved),PREVIOUS,
McStas,./mcstas-comps/examples/ILL/ILL_H5_new/ILL_H5_new.instr,COPY(H523_Curved),PREVIOUS,
McStas,./mcstas-comps/examples/ILL/ILL_H5_new/ILL_H5_new.instr,COPY(H523_Curved),PREVIOUS,
McStas,./mcstas-comps/examples/ILL/ILL_H5_new/ILL_H5_new.instr,COPY(HCS_Al),HCS_Al,
McStas,./mcstas-comps/examples/ILL/ILL_H5_new/ILL_H5_new.instr,H523_VTE,H5,
McStas,./mcstas-comps/examples/ILL/ILL_H5_new/ILL_H5_new.instr,COPY(HCS_Al),HCS_Al,
McStas,./mcstas-comps/examples/ILL/ILL_H5_new/ILL_H5_new.instr,COPY(H523_Curved),H5_rect,
McStas,./mcstas-comps/examples/ILL/ILL_H5_new/ILL_H5_new.instr,COPY(H523_Curved),PREVIOUS,
McStas,./mcstas-comps/examples/ILL/ILL_H5_new/ILL_H5_new.instr,COPY(H523_Curved),PREVIOUS,
McStas,./mcstas-comps/examples/ILL/ILL_H5_new/ILL_H5_new.instr,COPY(H523_Curved),PREVIOUS,
McStas,./mcstas-comps/examples/ILL/ILL_H5_new/ILL_H5_new.instr,COPY(H523_Curved),PREVIOUS,
McStas,./mcstas-comps/examples/ILL/ILL_H5_new/ILL_H5_new.instr,COPY(H523_Curved),PREVIOUS,
McStas,./mcstas-comps/examples/ILL/ILL_H5_new/ILL_H5_new.instr,COPY(H523_Curved),PREVIOUS,
McStas,./mcstas-comps/examples/ILL/ILL_H5_new/ILL_H5_new.instr,COPY(H523_Curved),PREVIOUS,
McStas,./mcstas-comps/examples/ILL/ILL_H5_new/ILL_H5_new.instr,COPY(H523_Curved),PREVIOUS,
McStas,./mcstas-comps/examples/ILL/ILL_H5_new/ILL_H5_new.instr,COPY(H523_Curved),PREVIOUS,
McStas,./mcstas-comps/examples/ILL/ILL_H5_new/ILL_H5_new.instr,COPY(H523_Curved),PREVIOUS,
McStas,./mcstas-comps/examples/ILL/ILL_H5_new/ILL_H5_new.instr,COPY(H523_Curved),PREVIOUS,
McStas,./mcstas-comps/examples/ILL/ILL_H5_new/ILL_H5_new.instr,COPY(H523_Curved),PREVIOUS,
McStas,./mcstas-comps/examples/ILL/ILL_H5_new/ILL_H5_new.instr,COPY(H523_Curved),PREVIOUS,
McStas,./mcstas-comps/examples/ILL/ILL_H5_new/ILL_H5_new.instr,COPY(H523_Curved),PREVIOUS,
McStas,./mcstas-comps/examples/ILL/ILL_H5_new/ILL_H5_new.instr,COPY(H523_Curved),PREVIOUS,
McStas,./mcstas-comps/examples/ILL/ILL_H5_new/ILL_H5_new.instr,COPY(H523_Curved),PREVIOUS,
McStas,./mcstas-comps/examples/ILL/ILL_H5_new/ILL_H5_new.instr,COPY(H523_Curved),PREVIOUS,
McStas,./mcstas-comps/examples/ILL/ILL_H5_new/ILL_H5_new.instr,COPY(H523_Curved),PREVIOUS,
McStas,./mcstas-comps/examples/ILL/ILL_H5_new/ILL_H5_new.instr,COPY(H523_Curved),PREVIOUS,
McStas,./mcstas-comps/examples/ILL/ILL_H5_new/ILL_H5_new.instr,COPY(HCS_Al),HCS_Al,
McStas,./mcstas-comps/examples/ILL/ILL_H5_new/ILL_H5_new.instr,H523_CryoEDM_mirror_TransmitXY,H523_CryoEDM_mirror_ReflectXY,EXTEND+WHEN
McStas,./mcstas-comps/examples/ILL/ILL_H5_new/ILL_H5_new.instr,H523_CryoEDM_Sample_Div,H523_CryoEDM_Sample_L,
McStas,./mcstas-comps/examples/ILL/ILL_H5_new/ILL_H5_new.instr,H523_CryoEDM_Sample_XY,H523_CryoEDM_Sample_L,EXTEND
McStas,./mcstas-comps/examples/ILL/ILL_H5_new/ILL_H5_new.instr,H51_inpile,H5_rect,
McStas,./mcstas-comps/examples/ILL/ILL_H5_new/ILL_H5_new.instr,H51_Obt_1,PREVIOUS,
McStas,./mcstas-comps/examples/ILL/ILL_H5_new/ILL_H5_new.instr,H51_Obt_2,PREVIOUS,
McStas,./mcstas-comps/examples/ILL/ILL_H5_new/ILL_H5_new.instr,H51_Obt_3,PREVIOUS,
McStas,./mcstas-comps/examples/ILL/ILL_H5_new/ILL_H5_new.instr,COPY(HCS_Al),HCS_Al,
McStas,./mcstas-comps/examples/ILL/ILL_H5_new/ILL_H5_new.instr,H51_Obt_Out,H5,
McStas,./mcstas-comps/examples/ILL/ILL_H5_new/ILL_H5_new.instr,COPY(HCS_Al),HCS_Al,
McStas,./mcstas-comps/examples/ILL/ILL_H5_new/ILL_H5_new.instr,H51_S2,H53_inpile,
McStas,./mcstas-comps/examples/ILL/ILL_H5_new/ILL_H5_new.instr,COPY(H51_S2),H51_S2,
McStas,./mcstas-comps/examples/ILL/ILL_H5_new/ILL_H5_new.instr,COPY(H51_S2),H51_S2,
McStas,./mcstas-comps/examples/ILL/ILL_H5_new/ILL_H5_new.instr,HCS_Al_H51,HCS_Al,
McStas,./mcstas-comps/examples/ILL/ILL_H5_new/ILL_H5_new.instr,H51_S2_Out,H5,
McStas,./mcstas-comps/examples/ILL/ILL_H5_new/ILL_H5_new.instr,H51_split_2,H5,JUMP+WHEN
McStas,./mcstas-comps/examples/ILL/ILL_H5_new/ILL_H5_new.instr,H51_split_1,H5,JUMP+WHEN
McStas,./mcstas-comps/examples/ILL/ILL_H5_new/ILL_H5_new.instr,H511_mirror_TransmitXY,H511_mirror_ReflectXY,EXTEND+WHEN
McStas,./mcstas-comps/examples/ILL/ILL_H5_new/ILL_H5_new.instr,H511_mirror_outdXY,H511_mirror_ReflectXY,
McStas,./mcstas-comps/examples/ILL/ILL_H5_new/ILL_H5_new.instr,H511_S3,H51_S2,
McStas,./mcstas-comps/examples/ILL/ILL_H5_new/ILL_H5_new.instr,H511_S9,H51_S2,
McStas,./mcstas-comps/examples/ILL/ILL_H5_new/ILL_H5_new.instr,COPY(HCS_Al),HCS_Al,
McStas,./mcstas-comps/examples/ILL/ILL_H5_new/ILL_H5_new.instr,H511_VTE,H5,
McStas,./mcstas-comps/examples/ILL/ILL_H5_new/ILL_H5_new.instr,COPY(HCS_Al),HCS_Al,
McStas,./mcstas-comps/examples/ILL/ILL_H5_new/ILL_H5_new.instr,H511_S10,H51_S2,
McStas,./mcstas-comps/examples/ILL/ILL_H5_new/ILL_H5_new.instr,H511_BeforeV,H511_S10,
McStas,./mcstas-comps/examples/ILL/ILL_H5_new/ILL_H5_new.instr,H511_AfterV,H511_S10,
McStas,./mcstas-comps/examples/ILL/ILL_H5_new/ILL_H5_new.instr,H512_S36,H53_inpile,
McStas,./mcstas-comps/examples/ILL/ILL_H5_new/ILL_H5_new.instr,COPY(H512_S36),H512_S36,
McStas,./mcstas-comps/examples/ILL/ILL_H5_new/ILL_H5_new.instr,COPY(H512_S36),H512_S36,
McStas,./mcstas-comps/examples/ILL/ILL_H5_new/ILL_H5_new.instr,COPY(H512_S36),H512_S36,
McStas,./mcstas-comps/examples/ILL/ILL_H5_new/ILL_H5_new.instr,COPY(H512_S36),H512_S36,
McStas,./mcstas-comps/examples/ILL/ILL_H5_new/ILL_H5_new.instr,COPY(H512_S36),H512_S36,
McStas,./mcstas-comps/examples/ILL/ILL_H5_new/ILL_H5_new.instr,COPY(H512_S36),H512_S36,
McStas,./mcstas-comps/examples/ILL/ILL_H5_new/ILL_H5_new.instr,COPY(H512_S36),H512_S36,
McStas,./mcstas-comps/examples/ILL/ILL_H5_new/ILL_H5_new.instr,COPY(H512_S36),H512_S36,
McStas,./mcstas-comps/examples/ILL/ILL_H5_new/ILL_H5_new.instr,COPY(H512_S36),H512_S36,
McStas,./mcstas-comps/examples/ILL/ILL_H5_new/ILL_H5_new.instr,COPY(H512_S36),H512_S36,
McStas,./mcstas-comps/examples/ILL/ILL_H5_new/ILL_H5_new.instr,COPY(H512_S36),H512_S36,
McStas,./mcstas-comps/examples/ILL/ILL_H5_new/ILL_H5_new.instr,COPY(H512_S36),H512_S36,
McStas,./mcstas-comps/examples/ILL/ILL_H5_new/ILL_H5_new.instr,COPY(H512_S36),H512_S36,
McStas,./mcstas-comps/examples/ILL/ILL_H5_new/ILL_H5_new.instr,COPY(H512_S36),H512_S36,
McStas,./mcstas-comps/examples/ILL/ILL_H5_new/ILL_H5_new.instr,COPY(H512_S36),H512_S36,
McStas,./mcstas-comps/examples/ILL/ILL_H5_new/ILL_H5_new.instr,HCS_Al_H512,HCS_Al,
McStas,./mcstas-comps/examples/ILL/ILL_H5_new/ILL_H5_new.instr,H512_VTE,H5,
McStas,./mcstas-comps/examples/ILL/ILL_H5_new/ILL_H5_new.instr,COPY(HCS_Al),HCS_Al,
McStas,./mcstas-comps/examples/ILL/ILL_H5_new/ILL_H5_new.instr,H51_S78,H53_inpile,
McStas,./mcstas-comps/examples/ILL/ILL_H5_new/ILL_H5_new.instr,COPY(H51_S78),H51_S78,
McStas,./mcstas-comps/examples/ILL/ILL_H5_new/ILL_H5_new.instr,COPY(H51_S78),H51_S78,
McStas,./mcstas-comps/examples/ILL/ILL_H5_new/ILL_H5_new.instr,COPY(H51_S78),H51_S78,
McStas,./mcstas-comps/examples/ILL/ILL_H5_new/ILL_H5_new.instr,COPY(HCS_Al),HCS_Al,
McStas,./mcstas-comps/examples/ILL/ILL_H5_new/ILL_H5_new.instr,H512_S11,H53_inpile,
McStas,./mcstas-comps/examples/ILL/ILL_H5_new/ILL_H5_new.instr,COPY(HCS_Al),HCS_Al,
McStas,./mcstas-comps/examples/ILL/ILL_H5_new/ILL_H5_new.instr,D22_Collimation,H53_inpile,
McStas,./mcstas-comps/examples/ILL/ILL_IN13/ILL_IN13.instr,Sample_copy,Sample,EXTEND
McStas,./mcstas-comps/examples/ILL/ILL_IN4/ILL_IN4.instr,Thermal2,Thermal,WHEN
McStas,./mcstas-comps/examples/ILL/ILL_IN4/ILL_IN4.instr,Thermal3,Thermal,WHEN
McStas,./mcstas-comps/examples/ILL/ILL_IN4/ILL_IN4.instr,Thermal4,Thermal,WHEN
McStas,./mcstas-comps/examples/ILL/ILL_IN4/ILL_IN4.instr,BC2_t_post,BC2_t,
McStas,./mcstas-comps/examples/ILL/ILL_IN4/ILL_IN4.instr,Mono_t,Cradle_t,
McStas,./mcstas-comps/examples/ILL/ILL_IN4/ILL_IN4.instr,Container_out,Container_in,EXTEND+WHEN
McStas,./mcstas-comps/examples/ILL/ILL_IN4/ILL_IN4.instr,Environment_out,Environment_in,EXTEND+WHEN
McStas,./mcstas-comps/examples/ILL/ILL_IN4/ILL_IN4.instr,Detector_sample,Detector,WHEN
McStas,./mcstas-comps/examples/ILL/ILL_IN4/ILL_IN4.instr,Detector_env,Detector,WHEN
McStas,./mcstas-comps/examples/ILL/ILL_IN4/ILL_IN4.instr,Detector_SqwV,Detector_Sqw,WHEN
McStas,./mcstas-comps/examples/ILL/ILL_IN4/ILL_IN4.instr,Detector_qeV,Detector_qe,WHEN
McStas,./mcstas-comps/examples/ILL/ILL_Lagrange/ILL_Lagrange.instr,cryostat_out,cryostat_in,EXTEND
McStas,./mcstas-comps/examples/ILL/ILL_Lagrange/ILL_Lagrange.instr,Barrel_PSD_monitor2,Barrel_PSD_monitor,
McStas,./mcstas-comps/examples/ILL/ILL_Lagrange/ILL_Lagrange.instr,Detector_Sqw_env,PREVIOUS,WHEN
McStas,./mcstas-comps/examples/ISIS/ISIS_IMAT/ISIS_IMAT.instr,lmon1,lmon_s,
McStas,./mcstas-comps/examples/ISIS/ISIS_IMAT/ISIS_IMAT.instr,nD_Mantid_2,nD_Mantid_1,GROUP
McStas,./mcstas-comps/examples/ISIS/ISIS_IMAT/ISIS_IMAT.instr,nD_Mantid_4,nD_Mantid_1,GROUP
McStas,./mcstas-comps/examples/Necsa/SAFARI_PITSI/SAFARI_PITSI.instr,PSD_Detector_2,PSD_Detector,GROUP
McStas,./mcstas-comps/examples/Necsa/SAFARI_PITSI/SAFARI_PITSI.instr,PSD_Detector_3,PSD_Detector,GROUP
McStas,./mcstas-comps/examples/Necsa/SAFARI_PITSI/SAFARI_PITSI.instr,PSD_Detector_4,PSD_Detector,GROUP
McStas,./mcstas-comps/examples/SNS/SNS_BASIS/SNS_BASIS.instr,COPY(Shutter_Guide_Insert),Shutter_Guide_Insert,
McStas,./mcstas-comps/examples/SNS/SNS_BASIS/SNS_BASIS.instr,COPY(Shutter_Guide_Insert),Shutter_Guide_Insert,
McStas,./mcstas-comps/examples/SNS/SNS_BASIS/SNS_BASIS.instr,COPY(Shutter_Guide_Insert),Shutter_Guide_Insert,
McStas,./mcstas-comps/examples/SNS/SNS_BASIS/SNS_BASIS.instr,COPY(Shutter_Guide_Insert),Shutter_Guide_Insert,
McStas,./mcstas-comps/examples/SNS/SNS_BASIS/SNS_BASIS.instr,COPY(Shutter_Guide_Insert),Shutter_Guide_Insert,
McStas,./mcstas-comps/examples/SNS/SNS_BASIS/SNS_BASIS.instr,COPY(Shutter_Guide_Insert),Shutter_Guide_Insert,
McStas,./mcstas-comps/examples/SNS/SNS_BASIS/SNS_BASIS.instr,COPY(Curved_Guide_Section_I),Curved_Guide_Section_I,
McStas,./mcstas-comps/examples/SNS/SNS_BASIS/SNS_BASIS.instr,COPY(Curved_Guide_Section_I),Curved_Guide_Section_I,
McStas,./mcstas-comps/examples/SNS/SNS_BASIS/SNS_BASIS.instr,COPY(Curved_Guide_Section_I),Curved_Guide_Section_I,
McStas,./mcstas-comps/examples/SNS/SNS_BASIS/SNS_BASIS.instr,COPY(Curved_Guide_Section_I),Curved_Guide_Section_I,
McStas,./mcstas-comps/examples/SNS/SNS_BASIS/SNS_BASIS.instr,COPY(Curved_Guide_Section_I),Curved_Guide_Section_I,
McStas,./mcstas-comps/examples/SNS/SNS_BASIS/SNS_BASIS.instr,COPY(Curved_Guide_Section_I),Curved_Guide_Section_I,
McStas,./mcstas-comps/examples/SNS/SNS_BASIS/SNS_BASIS.instr,COPY(Curved_Guide_Section_I),Curved_Guide_Section_I,
McStas,./mcstas-comps/examples/SNS/SNS_BASIS/SNS_BASIS.instr,COPY(Curved_Guide_Section_I),Curved_Guide_Section_I,
McStas,./mcstas-comps/examples/SNS/SNS_BASIS/SNS_BASIS.instr,COPY(Curved_Guide_Section_I),Curved_Guide_Section_I,
McStas,./mcstas-comps/examples/SNS/SNS_BASIS/SNS_BASIS.instr,COPY(Curved_Guide_Section_II),Curved_Guide_Section_II,
McStas,./mcstas-comps/examples/SNS/SNS_BASIS/SNS_BASIS.instr,COPY(Curved_Guide_Section_II),Curved_Guide_Section_II,
McStas,./mcstas-comps/examples/SNS/SNS_BASIS/SNS_BASIS.instr,COPY(Curved_Guide_Section_II),Curved_Guide_Section_II,
McStas,./mcstas-comps/examples/SNS/SNS_BASIS/SNS_BASIS.instr,COPY(Curved_Guide_Section_II),Curved_Guide_Section_II,
McStas,./mcstas-comps/examples/SNS/SNS_BASIS/SNS_BASIS.instr,COPY(Curved_Guide_Section_II),Curved_Guide_Section_II,
McStas,./mcstas-comps/examples/SNS/SNS_BASIS/SNS_BASIS.instr,COPY(Curved_Guide_Section_II),Curved_Guide_Section_II,
McStas,./mcstas-comps/examples/SNS/SNS_BASIS/SNS_BASIS.instr,COPY(Curved_Guide_Section_III),Curved_Guide_Section_III,
McStas,./mcstas-comps/examples/SNS/SNS_BASIS/SNS_BASIS.instr,COPY(Curved_Guide_Section_III),Curved_Guide_Section_III,
McStas,./mcstas-comps/examples/SNS/SNS_BASIS/SNS_BASIS.instr,COPY(Curved_Guide_Section_III),Curved_Guide_Section_III,
McStas,./mcstas-comps/examples/SNS/SNS_BASIS/SNS_BASIS.instr,COPY(Curved_Guide_Section_III),Curved_Guide_Section_III,
McStas,./mcstas-comps/examples/SNS/SNS_BASIS/SNS_BASIS.instr,COPY(Curved_Guide_Section_III),Curved_Guide_Section_III,
McStas,./mcstas-comps/examples/SNS/SNS_BASIS/SNS_BASIS.instr,COPY(Curved_Guide_Section_III),Curved_Guide_Section_III,
McStas,./mcstas-comps/examples/SNS/SNS_BASIS/SNS_BASIS.instr,COPY(Curved_Guide_Section_III),Curved_Guide_Section_III,
McStas,./mcstas-comps/examples/SNS/SNS_BASIS/SNS_BASIS.instr,COPY(Curved_Guide_Section_III),Curved_Guide_Section_III,
McStas,./mcstas-comps/examples/SNS/SNS_BASIS/SNS_BASIS.instr,COPY(Curved_Guide_Section_III),Curved_Guide_Section_III,
McStas,./mcstas-comps/examples/TRIGA/RTP_DIF/RTP_DIF.instr,mono2,mono1,EXTEND
McStas,./mcstas-comps/examples/TRIGA/RTP_DIF/RTP_DIF.instr,mono3,mono1,EXTEND
McStas,./mcstas-comps/examples/TRIGA/RTP_DIF/RTP_DIF.instr,container_out,container_in,
McStas,./mcstas-comps/examples/TRIGA/RTP_Laue/RTP_Laue.instr,image_plate_eff,image_plate_ideal,
McStas,./mcstas-comps/examples/TRIGA/RTP_Laue/RTP_Laue.instr,image_plate_scattered,image_plate_ideal,WHEN
McStas,./mcstas-comps/examples/TRIGA/RTP_NeutronRadiography/RTP_NeutronRadiography.instr,sample_outer2,sample_outer1,EXTEND
McStas,./mcstas-comps/examples/TRIGA/RTP_NeutronRadiography/RTP_NeutronRadiography.instr,image_plate_eff,image_plate_ideal,
McStas,./mcstas-comps/examples/TRIGA/RTP_NeutronRadiography/RTP_NeutronRadiography.instr,image_plate_scattered,image_plate_ideal,WHEN
McStas,./mcstas-comps/examples/TRIGA/RTP_SANS/RTP_SANS.instr,Be_Cryostat_out,Be_Cryostat,
McStas,./mcstas-comps/examples/TRIGA/RTP_SANS/RTP_SANS.instr,mono2,mono1,EXTEND
McStas,./mcstas-comps/examples/TRIGA/RTP_SANS/RTP_SANS.instr,mono3,mono1,EXTEND
McStas,./mcstas-comps/examples/TUDelft/SEMSANS_Delft/SEMSANS_Delft.instr,f2,f1,
McStas,./mcstas-comps/examples/TUDelft/SESANS_Delft/SESANS_Delft.instr,px2,px1,
McStas,./mcstas-comps/examples/TUDelft/SESANS_Delft/SESANS_Delft.instr,f2,f1,
McStas,./mcstas-comps/examples/TUDelft/SESANS_Delft/SESANS_Delft.instr,px3,px1,
McStas,./mcstas-comps/examples/TUDelft/SESANS_Delft/SESANS_Delft.instr,f3,f1,
McStas,./mcstas-comps/examples/TUDelft/SESANS_Delft/SESANS_Delft.instr,f4,f1,
McStas,./mcstas-comps/examples/TUDelft/SESANS_Delft/SESANS_Delft.instr,px6,px1,
McStas,./mcstas-comps/examples/Templates/templateTOF/templateTOF.instr,Container_out,Container_in,EXTEND+WHEN
McStas,./mcstas-comps/examples/Templates/templateTOF/templateTOF.instr,Environment_out,Environment_in,EXTEND+WHEN
McStas,./mcstas-comps/examples/Templates/templateTOF/templateTOF.instr,M_single_coh,M_total,WHEN
McStas,./mcstas-comps/examples/Templates/templateTOF/templateTOF.instr,M_single_inc,M_total,WHEN
McStas,./mcstas-comps/examples/Templates/templateTOF/templateTOF.instr,M_multi,M_total,WHEN
McStas,./mcstas-comps/examples/Templates/templateTOF/templateTOF.instr,M_env_container,M_total,WHEN
McStas,./mcstas-comps/examples/Tests_grammar/Test_GROUP/Test_GROUP.instr,s2,s1,GROUP
McStas,./mcstas-comps/examples/Tests_grammar/Test_GROUP_restore.instr,COPY(Mon00),Mon00,GROUP
McStas,./mcstas-comps/examples/Tests_grammar/Test_GROUP_restore.instr,COPY(Mon00),Mon00,GROUP
McStas,./mcstas-comps/examples/Tests_grammar/Test_GROUP_restore.instr,COPY(Mon00),Mon00,GROUP
McStas,./mcstas-comps/examples/Tests_grammar/Test_GROUP_restore.instr,COPY(Mon00),Mon00,GROUP
McStas,./mcstas-comps/examples/Tests_grammar/Test_GROUP_restore.instr,COPY(Mon00),Mon00,GROUP
McStas,./mcstas-comps/examples/Tests_grammar/Test_Jump_Iterate/Test_Jump_Iterate.instr,Mon_LambdaDX_In,PREVIOUS,
McStas,./mcstas-comps/examples/Tests_grammar/Test_Jump_Iterate/Test_Jump_Iterate.instr,CG_2,CG_1,
McStas,./mcstas-comps/examples/Tests_grammar/Test_Jump_Iterate/Test_Jump_Iterate.instr,CG_2_out,Mon_LambdaDX_In,JUMP
McStas,./mcstas-comps/examples/Tests_grammar/Test_Jump_Iterate/Test_Jump_Iterate.instr,Mon_LambdaX_Out,Mon_LambdaX_In,
McStas,./mcstas-comps/examples/Tests_grammar/Test_Jump_Iterate/Test_Jump_Iterate.instr,Mon_LambdaDX_Out,Mon_LambdaDX_In,
McStas,./mcstas-comps/examples/Tests_optics/Test_Conics_pairs/Test_Conics_pairs.instr,psd_o1,psd_o0,
McStas,./mcstas-comps/examples/Tests_optics/Test_Conics_pairs/Test_Conics_pairs.instr,psd_i,psd_s,
McStas,./mcstas-comps/examples/Tests_optics/Test_DiskChoppers2/Test_DiskChoppers2.instr,Slab2,Slab1,EXTEND+GROUP+WHEN
McStas,./mcstas-comps/examples/Tests_optics/Test_Lens/Test_Lens.instr,COPY(L11),L11,
McStas,./mcstas-comps/examples/Tests_optics/Test_Lens/Test_Lens.instr,COPY(L11),L11,
McStas,./mcstas-comps/examples/Tests_optics/Test_Lens/Test_Lens.instr,COPY(L11),L11,
McStas,./mcstas-comps/examples/Tests_optics/Test_Lens/Test_Lens.instr,COPY(L11),L11,
McStas,./mcstas-comps/examples/Tests_optics/Test_Lens/Test_Lens.instr,COPY(L11),L11,
McStas,./mcstas-comps/examples/Tests_optics/Test_Lens/Test_Lens.instr,COPY(L11),L11,
McStas,./mcstas-comps/examples/Tests_optics/Test_Lens/Test_Lens.instr,COPY(L11),L11,
McStas,./mcstas-comps/examples/Tests_optics/Test_Lens/Test_Lens.instr,COPY(L11),L11,
McStas,./mcstas-comps/examples/Tests_optics/Test_Lens/Test_Lens.instr,COPY(L11),L11,
McStas,./mcstas-comps/examples/Tests_optics/Test_Lens/Test_Lens.instr,COPY(L11),L11,
McStas,./mcstas-comps/examples/Tests_optics/Test_Lens/Test_Lens.instr,COPY(L11),L11,
McStas,./mcstas-comps/examples/Tests_optics/Test_Lens/Test_Lens.instr,COPY(L11),L11,
McStas,./mcstas-comps/examples/Tests_optics/Test_Lens/Test_Lens.instr,COPY(L11),L11,
McStas,./mcstas-comps/examples/Tests_optics/Test_Lens/Test_Lens.instr,COPY(L11),L11,
McStas,./mcstas-comps/examples/Tests_optics/Test_Lens/Test_Lens.instr,COPY(L11),L11,
McStas,./mcstas-comps/examples/Tests_optics/Test_Lens/Test_Lens.instr,COPY(L11),L11,
McStas,./mcstas-comps/examples/Tests_optics/Test_Lens/Test_Lens.instr,COPY(L11),L11,
McStas,./mcstas-comps/examples/Tests_optics/Test_Lens/Test_Lens.instr,COPY(L11),L11,
McStas,./mcstas-comps/examples/Tests_optics/Test_Lens/Test_Lens.instr,COPY(L11),L11,
McStas,./mcstas-comps/examples/Tests_optics/Test_Lens/Test_Lens.instr,COPY(L11),L11,
McStas,./mcstas-comps/examples/Tests_optics/Test_Lens/Test_Lens.instr,COPY(L11),L11,
McStas,./mcstas-comps/examples/Tests_optics/Test_Lens/Test_Lens.instr,COPY(L11),L11,
McStas,./mcstas-comps/examples/Tests_optics/Test_Lens/Test_Lens.instr,COPY(L11),L11,
McStas,./mcstas-comps/examples/Tests_optics/Test_Lens/Test_Lens.instr,COPY(L11),L11,
McStas,./mcstas-comps/examples/Tests_optics/Test_Lens/Test_Lens.instr,COPY(L11),L11,
McStas,./mcstas-comps/examples/Tests_optics/Test_Lens/Test_Lens.instr,COPY(L11),L11,
McStas,./mcstas-comps/examples/Tests_optics/Test_Lens/Test_Lens.instr,COPY(L11),L11,
McStas,./mcstas-comps/examples/Tests_optics/Test_Lens/Test_Lens.instr,COPY(L11),L11,
McStas,./mcstas-comps/examples/Tests_optics/Test_Lens/Test_Lens.instr,COPY(L11),L11,
McStas,./mcstas-comps/examples/Tests_optics/Test_Lens/Test_Lens.instr,COPY(PSD_mon),PSD_mon,
McStas,./mcstas-comps/examples/Tests_optics/Test_Lens/Test_Lens.instr,COPY(PSD_mon),PSD_mon,
McStas,./mcstas-comps/examples/Tests_optics/Test_Lens/Test_Lens.instr,COPY(PSD_mon),PSD_mon,
McStas,./mcstas-comps/examples/Tests_optics/Test_Lens/Test_Lens.instr,COPY(PSD_mon),PSD_mon,
McStas,./mcstas-comps/examples/Tests_optics/Test_Lens/Test_Lens.instr,COPY(PSD_mon),PSD_mon,
McStas,./mcstas-comps/examples/Tests_optics/Test_Lens/Test_Lens.instr,COPY(PSD_mon),PSD_mon,
McStas,./mcstas-comps/examples/Tests_optics/Test_Lens/Test_Lens.instr,COPY(PSD_mon),PSD_mon,
McStas,./mcstas-comps/examples/Tests_optics/Test_Lens/Test_Lens.instr,COPY(PSD_mon),PSD_mon,
McStas,./mcstas-comps/examples/Tests_optics/Test_Lens/Test_Lens.instr,COPY(PSD_mon),PSD_mon,
McStas,./mcstas-comps/examples/Tests_optics/Test_Lens/Test_Lens.instr,COPY(PSD_mon),PSD_mon,
McStas,./mcstas-comps/examples/Tests_optics/Test_Lens/Test_Lens.instr,COPY(PSD_mon),PSD_mon,
McStas,./mcstas-comps/examples/Tests_optics/Test_Lens/Test_Lens.instr,COPY(PSD_mon),PSD_mon,
McStas,./mcstas-comps/examples/Tests_optics/Test_Lens/Test_Lens.instr,COPY(PSD_mon),PSD_mon,
McStas,./mcstas-comps/examples/Tests_optics/Test_Lens/Test_Lens.instr,Last_PSD,PSD_mon,
McStas,./mcstas-comps/examples/Tests_optics/Test_Vertical_Bender/Test_Vertical_Bender.instr,Lout,Lin,
McStas,./mcstas-comps/examples/Tests_optics/Test_Vertical_Bender/Test_Vertical_Bender.instr,Pout,Pin,
McStas,./mcstas-comps/examples/Tests_polarization/Test_Pol_FieldBox/Test_Pol_FieldBox.instr,pl0z,pl0x,
McStas,./mcstas-comps/examples/Tests_polarization/Test_Pol_FieldBox/Test_Pol_FieldBox.instr,pl1z,pl0x,
McStas,./mcstas-comps/examples/Tests_polarization/Test_Pol_SF_ideal/Test_Pol_SF_ideal.instr,pm1,pm0,
McStas,./mcstas-comps/examples/Tests_polarization/Test_Pol_Tabled/Test_Pol_Tabled.instr,poly_0,polx_0,
McStas,./mcstas-comps/examples/Tests_polarization/Test_Pol_Tabled/Test_Pol_Tabled.instr,polz_0,polx_0,
McStas,./mcstas-comps/examples/Tests_polarization/Test_Pol_Tabled/Test_Pol_Tabled.instr,polx_6,polx_0,
McStas,./mcstas-comps/examples/Tests_polarization/Test_Pol_Tabled/Test_Pol_Tabled.instr,pol_6,pol_0,
McStas,./mcstas-comps/examples/Tests_polarization/Test_Pol_Tabled/Test_Pol_Tabled.instr,lmon_6,lmon_0,
McStas,./mcstas-comps/examples/Tests_samples/Test_Sqw_monitor/Test_Sqw_monitor.instr,Container_out,Container_in,EXTEND+WHEN
McStas,./mcstas-comps/examples/Tests_samples/Test_Sqw_monitor/Test_Sqw_monitor.instr,Environment_out,Environment_in,EXTEND+WHEN
McStas,./mcstas-comps/examples/Tests_samples/Test_Sqw_monitor/Test_Sqw_monitor.instr,Detector_nM_coh,Detector_nM,WHEN
McStas,./mcstas-comps/examples/Tests_samples/Test_Sqw_monitor/Test_Sqw_monitor.instr,Detector_nM_inc,Detector_nM,WHEN
McStas,./mcstas-comps/examples/Tests_samples/Test_Sqw_monitor/Test_Sqw_monitor.instr,Detector_nM_multi,Detector_nM,WHEN
McStas,./mcstas-comps/examples/Tests_samples/Test_Sqw_monitor/Test_Sqw_monitor.instr,Detector_nM_env,Detector_nM,WHEN
McStas,./mcstas-comps/examples/Tests_samples/Test_Sqw_monitor/Test_Sqw_monitor.instr,M_single_coh,M_total,WHEN
McStas,./mcstas-comps/examples/Tests_samples/Test_Sqw_monitor/Test_Sqw_monitor.instr,M_single_inc,M_total,WHEN
McStas,./mcstas-comps/examples/Tests_samples/Test_Sqw_monitor/Test_Sqw_monitor.instr,M_multi,M_total,WHEN
McStas,./mcstas-comps/examples/Tests_samples/Test_Sqw_monitor/Test_Sqw_monitor.instr,M_env_container,M_total,WHEN
McStas,./mcstas-comps/examples/elearning/SimplePowderDiffractometer/SimplePowderDiffractometer.instr,exit_side,entry_side,WHEN
McStas,./mcstas-comps/parked/MCPL/MCPL_merge.instr,MCPLinput1,MCPLinput0,GROUP
McStas,./mcstas-comps/parked/MCPL/MCPL_merge.instr,MCPLinput2,MCPLinput0,GROUP
McStas,./mcstas-comps/parked/MCPL/MCPL_merge.instr,MCPLinput3,MCPLinput0,GROUP
McStas,./mcstas-comps/parked/MCPL/MCPL_merge.instr,MCPLinput4,MCPLinput0,GROUP
McStas,./mcstas-comps/parked/MCPL/MCPL_merge.instr,MCPLinput5,MCPLinput0,GROUP
McStas,./mcstas-comps/parked/MCPL/MCPL_merge.instr,MCPLinput6,MCPLinput0,GROUP
McStas,./mcstas-comps/parked/MCPL/MCPL_merge.instr,MCPLinput7,MCPLinput0,GROUP
McStas,./mcstas-comps/parked/MCPL/MCPL_merge.instr,MCPLinput8,MCPLinput0,GROUP
McStas,./mcstas-comps/parked/MCPL/MCPL_merge.instr,MCPLinput9,MCPLinput0,GROUP
McStas,./mcstas-comps/parked/Test_Monitor_Sqw/Test_Monitor_Sqw.instr,Container_out,Container_in,EXTEND+WHEN
McStas,./mcstas-comps/parked/Test_Monitor_Sqw/Test_Monitor_Sqw.instr,Environment_out,Environment_in,EXTEND+WHEN
McStas,./mcstas-comps/parked/Test_Monitor_Sqw/Test_Monitor_Sqw.instr,Detector_nM_coh,Detector_nM,WHEN
McStas,./mcstas-comps/parked/Test_Monitor_Sqw/Test_Monitor_Sqw.instr,Detector_nM_inc,Detector_nM,WHEN
McStas,./mcstas-comps/parked/Test_Monitor_Sqw/Test_Monitor_Sqw.instr,Detector_nM_multi,Detector_nM,WHEN
McStas,./mcstas-comps/parked/Test_Monitor_Sqw/Test_Monitor_Sqw.instr,Detector_nM_env,Detector_nM,WHEN
McStas,./mcstas-comps/parked/Test_Monitor_Sqw/Test_Monitor_Sqw.instr,M_single_coh,M_total,WHEN
McStas,./mcstas-comps/parked/Test_Monitor_Sqw/Test_Monitor_Sqw.instr,M_single_inc,M_total,WHEN
McStas,./mcstas-comps/parked/Test_Monitor_Sqw/Test_Monitor_Sqw.instr,M_multi,M_total,WHEN
McStas,./mcstas-comps/parked/Test_Monitor_Sqw/Test_Monitor_Sqw.instr,M_env_container,M_total,WHEN
McXtrace,./mcxtrace-comps/examples/AstroX_ESA/ATHENA_cfgA_1mm/ATHENA_cfgA_1mm.instr,det_mid_optics,detector_pre_optics,
McXtrace,./mcxtrace-comps/examples/AstroX_ESA/ATHENA_cfgA_1mm/ATHENA_cfgA_1mm.instr,emon_mid_optics,emon_preoptics,
McXtrace,./mcxtrace-comps/examples/AstroX_ESA/ATHENA_cfgA_1mm/ATHENA_cfgA_1mm.instr,det_post_op_dblscat,detector_post_optics,WHEN
McXtrace,./mcxtrace-comps/examples/AstroX_ESA/ATHENA_cfgA_1mm/ATHENA_cfgA_1mm.instr,emon_post_optics,emon_preoptics,
McXtrace,./mcxtrace-comps/examples/AstroX_ESA/ATHENA_cfgA_1mm/ATHENA_cfgA_1mm.instr,emon_post_optics_dblscat,emon_post_optics,WHEN
McXtrace,./mcxtrace-comps/examples/AstroX_ESA/ATHENA_cfgA_1mm_FEMd/ATHENA_cfgA_1mm_FEMd.instr,det_mid_optics,detector_pre_optics,
McXtrace,./mcxtrace-comps/examples/AstroX_ESA/ATHENA_cfgA_1mm_FEMd/ATHENA_cfgA_1mm_FEMd.instr,emon_mid_optics,emon_preoptics,
McXtrace,./mcxtrace-comps/examples/AstroX_ESA/ATHENA_cfgA_1mm_FEMd/ATHENA_cfgA_1mm_FEMd.instr,det_post_op_dblscat,detector_post_optics,WHEN
McXtrace,./mcxtrace-comps/examples/AstroX_ESA/ATHENA_cfgA_1mm_FEMd/ATHENA_cfgA_1mm_FEMd.instr,emon_post_optics,emon_preoptics,
McXtrace,./mcxtrace-comps/examples/AstroX_ESA/ATHENA_cfgA_1mm_FEMd/ATHENA_cfgA_1mm_FEMd.instr,emon_post_optics_dblscat,emon_post_optics,WHEN
McXtrace,./mcxtrace-comps/examples/AstroX_NASA/CXO/CXO.instr,midOp_emon,preOp_emon,WHEN
McXtrace,./mcxtrace-comps/examples/AstroX_NASA/CXO/CXO.instr,postOp_emon,preOp_emon,WHEN
McXtrace,./mcxtrace-comps/examples/AstroX_NASA/CXO/CXO.instr,postOp_psd,preOp_psd,WHEN
McXtrace,./mcxtrace-comps/examples/AstroX_NASA/NuSTAR_1shell/NuSTAR_1shell.instr,big_detector_hyper,big_detector,WHEN
McXtrace,./mcxtrace-comps/examples/MAXII/MAXII_711/MAXII_711.instr,slit_saxs2,slit_saxs,
McXtrace,./mcxtrace-comps/examples/MAXII/MAXII_811/MAXII_811.instr,ap3,ap2,
McXtrace,./mcxtrace-comps/examples/MAXII/MAXII_811/MAXII_811.instr,m_entry_psd,source_psd,
McXtrace,./mcxtrace-comps/examples/MAXII/MAXII_811/MAXII_811.instr,att_filter2,att_filter1,WHEN
McXtrace,./mcxtrace-comps/examples/MAXII/MAXII_811/MAXII_811.instr,att_filter3,att_filter1,WHEN
McXtrace,./mcxtrace-comps/examples/MAXII/MAXII_811/MAXII_811.instr,c_filter,fe_c_filter,
McXtrace,./mcxtrace-comps/examples/MAXII/MAXII_811/MAXII_811.instr,hutch_psd,source_psd,
McXtrace,./mcxtrace-comps/examples/MAXII/MAXII_811/MAXII_811.instr,hutch_E2,m_entry_E,
McXtrace,./mcxtrace-comps/examples/MAXIV/MAXIV_Bloch/MAXIV_Bloch.instr,aft_slit,bef_slit,
McXtrace,./mcxtrace-comps/examples/MAXIV/MAXIV_DanMAX_pxrd1d/MAXIV_DanMAX_pxrd1d.instr,oh_postmono_psd,src_psd,WHEN
McXtrace,./mcxtrace-comps/examples/MAXIV/MAXIV_DanMAX_pxrd1d/MAXIV_DanMAX_pxrd1d.instr,oh_postmono_div,src_div,WHEN
McXtrace,./mcxtrace-comps/examples/MAXIV/MAXIV_DanMAX_pxrd1d/MAXIV_DanMAX_pxrd1d.instr,oh_postmono_e,src_e,WHEN
McXtrace,./mcxtrace-comps/examples/MAXIV/MAXIV_DanMAX_pxrd1d/MAXIV_DanMAX_pxrd1d.instr,eh_start_psd,src_psd,WHEN
McXtrace,./mcxtrace-comps/examples/MAXIV/MAXIV_DanMAX_pxrd1d/MAXIV_DanMAX_pxrd1d.instr,eh_start_div,src_div,WHEN
McXtrace,./mcxtrace-comps/examples/MAXIV/MAXIV_DanMAX_pxrd1d/MAXIV_DanMAX_pxrd1d.instr,eh_start_e,src_e,WHEN
McXtrace,./mcxtrace-comps/examples/MAXIV/MAXIV_DanMAX_pxrd1d/MAXIV_DanMAX_pxrd1d.instr,imaging_psd,src_psd,
McXtrace,./mcxtrace-comps/examples/MAXIV/MAXIV_DanMAX_pxrd1d/MAXIV_DanMAX_pxrd1d.instr,imaging_div,src_div,
McXtrace,./mcxtrace-comps/examples/MAXIV/MAXIV_DanMAX_pxrd1d/MAXIV_DanMAX_pxrd1d.instr,imaging_e,src_e,
McXtrace,./mcxtrace-comps/examples/MAXIV/MAXIV_DanMAX_pxrd1d/MAXIV_DanMAX_pxrd1d.instr,pxrd1_psd,src_psd,
McXtrace,./mcxtrace-comps/examples/MAXIV/MAXIV_DanMAX_pxrd1d/MAXIV_DanMAX_pxrd1d.instr,pxrd1_div,src_div,
McXtrace,./mcxtrace-comps/examples/MAXIV/MAXIV_DanMAX_pxrd1d/MAXIV_DanMAX_pxrd1d.instr,pxrd1_e,src_e,
McXtrace,./mcxtrace-comps/examples/MAXIV/MAXIV_DanMAX_pxrd1d/MAXIV_DanMAX_pxrd1d.instr,mythen_1,mythen_0,GROUP+WHEN
McXtrace,./mcxtrace-comps/examples/MAXIV/MAXIV_DanMAX_pxrd1d/MAXIV_DanMAX_pxrd1d.instr,mythen_2,mythen_0,GROUP+WHEN
McXtrace,./mcxtrace-comps/examples/MAXIV/MAXIV_DanMAX_pxrd1d/MAXIV_DanMAX_pxrd1d.instr,mythen_3,mythen_0,GROUP+WHEN
McXtrace,./mcxtrace-comps/examples/MAXIV/MAXIV_DanMAX_pxrd1d/MAXIV_DanMAX_pxrd1d.instr,mythen_4,mythen_0,GROUP+WHEN
McXtrace,./mcxtrace-comps/examples/MAXIV/MAXIV_DanMAX_pxrd1d/MAXIV_DanMAX_pxrd1d.instr,mythen_5,mythen_0,GROUP+WHEN
McXtrace,./mcxtrace-comps/examples/MAXIV/MAXIV_DanMAX_pxrd1d/MAXIV_DanMAX_pxrd1d.instr,mythen_6,mythen_0,GROUP+WHEN
McXtrace,./mcxtrace-comps/examples/MAXIV/MAXIV_DanMAX_pxrd1d/MAXIV_DanMAX_pxrd1d.instr,mythen_7,mythen_0,GROUP+WHEN
McXtrace,./mcxtrace-comps/examples/MAXIV/MAXIV_DanMAX_pxrd1d/MAXIV_DanMAX_pxrd1d.instr,mythen_8,mythen_0,GROUP+WHEN
McXtrace,./mcxtrace-comps/examples/MAXIV/MAXIV_DanMAX_pxrd1d/MAXIV_DanMAX_pxrd1d.instr,mythen_9,mythen_0,GROUP+WHEN
McXtrace,./mcxtrace-comps/examples/MAXIV/MAXIV_DanMAX_pxrd1d/MAXIV_DanMAX_pxrd1d.instr,mythen_10,mythen_0,GROUP+WHEN
McXtrace,./mcxtrace-comps/examples/MAXIV/MAXIV_DanMAX_pxrd1d/MAXIV_DanMAX_pxrd1d.instr,mythen_11,mythen_0,GROUP+WHEN
McXtrace,./mcxtrace-comps/examples/MAXIV/MAXIV_DanMAX_pxrd1d/MAXIV_DanMAX_pxrd1d.instr,mythen_12,mythen_0,GROUP+WHEN
McXtrace,./mcxtrace-comps/examples/MAXIV/MAXIV_DanMAX_pxrd1d/MAXIV_DanMAX_pxrd1d.instr,mythen_13,mythen_0,GROUP+WHEN
McXtrace,./mcxtrace-comps/examples/MAXIV/MAXIV_DanMAX_pxrd1d/MAXIV_DanMAX_pxrd1d.instr,mythen_14,mythen_0,GROUP+WHEN
McXtrace,./mcxtrace-comps/examples/MAXIV/MAXIV_DanMAX_pxrd1d/MAXIV_DanMAX_pxrd1d.instr,mythen_15,mythen_0,GROUP+WHEN
McXtrace,./mcxtrace-comps/examples/MAXIV/MAXIV_DanMAX_pxrd1d/MAXIV_DanMAX_pxrd1d.instr,mythen_16,mythen_0,GROUP+WHEN
McXtrace,./mcxtrace-comps/examples/MAXIV/MAXIV_DanMAX_pxrd1d/MAXIV_DanMAX_pxrd1d.instr,mythen_17,mythen_0,GROUP+WHEN
McXtrace,./mcxtrace-comps/examples/MAXIV/MAXIV_DanMAX_pxrd1d/MAXIV_DanMAX_pxrd1d.instr,mythen_18,mythen_0,GROUP+WHEN
McXtrace,./mcxtrace-comps/examples/MAXIV/MAXIV_DanMAX_pxrd1d/MAXIV_DanMAX_pxrd1d.instr,mythen_19,mythen_0,GROUP+WHEN
McXtrace,./mcxtrace-comps/examples/MAXIV/MAXIV_DanMAX_pxrd1d/MAXIV_DanMAX_pxrd1d.instr,mythen_20,mythen_0,GROUP+WHEN
McXtrace,./mcxtrace-comps/examples/MAXIV/MAXIV_DanMAX_pxrd1d/MAXIV_DanMAX_pxrd1d.instr,mythen_21,mythen_0,GROUP+WHEN
McXtrace,./mcxtrace-comps/examples/MAXIV/MAXIV_DanMAX_pxrd1d/MAXIV_DanMAX_pxrd1d.instr,mythen_22,mythen_0,GROUP+WHEN
McXtrace,./mcxtrace-comps/examples/MAXIV/MAXIV_DanMAX_pxrd1d/MAXIV_DanMAX_pxrd1d.instr,mythen_23,mythen_0,GROUP+WHEN
McXtrace,./mcxtrace-comps/examples/MAXIV/MAXIV_DanMAX_pxrd2d/MAXIV_DanMAX_pxrd2d.instr,oh_postmono_psd,src_psd,WHEN
McXtrace,./mcxtrace-comps/examples/MAXIV/MAXIV_DanMAX_pxrd2d/MAXIV_DanMAX_pxrd2d.instr,oh_postmono_div,src_div,WHEN
McXtrace,./mcxtrace-comps/examples/MAXIV/MAXIV_DanMAX_pxrd2d/MAXIV_DanMAX_pxrd2d.instr,oh_postmono_e,src_e,WHEN
McXtrace,./mcxtrace-comps/examples/MAXIV/MAXIV_DanMAX_pxrd2d/MAXIV_DanMAX_pxrd2d.instr,eh_start_psd,src_psd,WHEN
McXtrace,./mcxtrace-comps/examples/MAXIV/MAXIV_DanMAX_pxrd2d/MAXIV_DanMAX_pxrd2d.instr,eh_start_div,src_div,WHEN
McXtrace,./mcxtrace-comps/examples/MAXIV/MAXIV_DanMAX_pxrd2d/MAXIV_DanMAX_pxrd2d.instr,eh_start_e,src_e,WHEN
McXtrace,./mcxtrace-comps/examples/MAXIV/MAXIV_DanMAX_pxrd2d/MAXIV_DanMAX_pxrd2d.instr,imaging_psd,src_psd,
McXtrace,./mcxtrace-comps/examples/MAXIV/MAXIV_DanMAX_pxrd2d/MAXIV_DanMAX_pxrd2d.instr,imaging_div,src_div,
McXtrace,./mcxtrace-comps/examples/MAXIV/MAXIV_DanMAX_pxrd2d/MAXIV_DanMAX_pxrd2d.instr,imaging_e,src_e,
McXtrace,./mcxtrace-comps/examples/MAXIV/MAXIV_DanMAX_pxrd2d/MAXIV_DanMAX_pxrd2d.instr,pxrd2_psd,src_psd,
McXtrace,./mcxtrace-comps/examples/MAXIV/MAXIV_DanMAX_pxrd2d/MAXIV_DanMAX_pxrd2d.instr,pxrd2_div,src_div,
McXtrace,./mcxtrace-comps/examples/MAXIV/MAXIV_DanMAX_pxrd2d/MAXIV_DanMAX_pxrd2d.instr,pxrd2_e,src_e,
McXtrace,./mcxtrace-comps/examples/MAXIV/MAXIV_FemtoMAX/MAXIV_FemtoMAX.instr,focus_mirror1,focus_mirror0,
McXtrace,./mcxtrace-comps/examples/MAXIV/MAXIV_FemtoMAX/MAXIV_FemtoMAX.instr,popin_yag2,popin_yag1,
McXtrace,./mcxtrace-comps/examples/MAXIV/MAXIV_FemtoMAX/MAXIV_FemtoMAX.instr,popin_yag4,popin_yag1,
McXtrace,./mcxtrace-comps/examples/NIST/DBD_IBM_Si_analyzer_BC/DBD_IBM_Si_analyzer_BC.instr,DBD_tube_tails,DBD_tube,WHEN
McXtrace,./mcxtrace-comps/examples/NIST/PBD_BT/PBD_BT.instr,mono_silicon_1b,mono_silicon_1a,WHEN
McXtrace,./mcxtrace-comps/examples/NIST/PBD_BT/PBD_BT.instr,mono_silicon_1c,mono_silicon_1a,WHEN
McXtrace,./mcxtrace-comps/examples/NIST/PBD_BT/PBD_BT.instr,mono_silicon_1d,mono_silicon_1c,WHEN
McXtrace,./mcxtrace-comps/examples/NIST/PBD_BT/PBD_BT.instr,silicon_1b,silicon_1a,WHEN
McXtrace,./mcxtrace-comps/examples/NIST/PBD_BT/PBD_BT.instr,silicon_1c,silicon_1a,WHEN
McXtrace,./mcxtrace-comps/examples/NIST/PBD_BT/PBD_BT.instr,silicon_2a,silicon_1a,
McXtrace,./mcxtrace-comps/examples/NIST/PBD_BT/PBD_BT.instr,silicon_2b,silicon_1a,WHEN
McXtrace,./mcxtrace-comps/examples/NIST/PBD_BT/PBD_BT.instr,silicon_2c,silicon_1a,WHEN
McXtrace,./mcxtrace-comps/examples/SOLEIL/SOLEIL_DIFFABS/SOLEIL_DIFFABS.instr,DCM_slit_in,primary_slit,
McXtrace,./mcxtrace-comps/examples/SOLEIL/SOLEIL_DIFFABS/SOLEIL_DIFFABS.instr,DCM_in_div,DCM_in,
McXtrace,./mcxtrace-comps/examples/SOLEIL/SOLEIL_DIFFABS/SOLEIL_DIFFABS.instr,bragg_crystal_two,bragg_crystal,EXTEND
McXtrace,./mcxtrace-comps/examples/SOLEIL/SOLEIL_DIFFABS/SOLEIL_DIFFABS.instr,DCM_out,DCM_in,
McXtrace,./mcxtrace-comps/examples/SOLEIL/SOLEIL_DIFFABS/SOLEIL_DIFFABS.instr,DCM_out_div,DCM_in,
McXtrace,./mcxtrace-comps/examples/SOLEIL/SOLEIL_DIFFABS/SOLEIL_DIFFABS.instr,sample_stage,DCM_in,
McXtrace,./mcxtrace-comps/examples/SOLEIL/SOLEIL_LUCIA/SOLEIL_LUCIA.instr,slit_mon_xy,mon_src_xy,
McXtrace,./mcxtrace-comps/examples/SOLEIL/SOLEIL_LUCIA/SOLEIL_LUCIA.instr,dcm_xtal1,dcm_xtal0,EXTEND
McXtrace,./mcxtrace-comps/examples/SOLEIL/SOLEIL_LUCIA/SOLEIL_LUCIA.instr,mon_dcm_e,mon_src_e,
McXtrace,./mcxtrace-comps/examples/SOLEIL/SOLEIL_LUCIA/SOLEIL_LUCIA.instr,mon_dcm_xy,mon_src_xy,
McXtrace,./mcxtrace-comps/examples/SOLEIL/SOLEIL_LUCIA/SOLEIL_LUCIA.instr,sample_stage,mon_src_xy,
McXtrace,./mcxtrace-comps/examples/SOLEIL/SOLEIL_LUCIA/SOLEIL_LUCIA.instr,transmission,mon_src_xy,
McXtrace,./mcxtrace-comps/examples/SOLEIL/SOLEIL_MARS/SOLEIL_MARS.instr,dcm_xtal1,dcm_xtal0,
McXtrace,./mcxtrace-comps/examples/SOLEIL/SOLEIL_PSICHE/SOLEIL_PSICHE.instr,dcm_xtal1,dcm_xtal0,EXTEND+WHEN
McXtrace,./mcxtrace-comps/examples/SOLEIL/SOLEIL_PSICHE/SOLEIL_PSICHE.instr,mon_dcm_e,mon_src_e,
McXtrace,./mcxtrace-comps/examples/SOLEIL/SOLEIL_PSICHE/SOLEIL_PSICHE.instr,mon_dcm_xy,mon_src_xy,
McXtrace,./mcxtrace-comps/examples/SOLEIL/SOLEIL_PSICHE/SOLEIL_PSICHE.instr,mon_spl_e,mon_src_e,
McXtrace,./mcxtrace-comps/examples/SOLEIL/SOLEIL_PSICHE/SOLEIL_PSICHE.instr,mon_spl_xy,mon_src_xy,
McXtrace,./mcxtrace-comps/examples/SOLEIL/SOLEIL_PX2a/SOLEIL_PX2a.instr,vfm_takeoff,vfm_location,
McXtrace,./mcxtrace-comps/examples/SOLEIL/SOLEIL_PX2a/SOLEIL_PX2a.instr,hfm_location,vfm_location,
McXtrace,./mcxtrace-comps/examples/SOLEIL/SOLEIL_PX2a/SOLEIL_PX2a.instr,hfm_takeoff,vfm_location,
McXtrace,./mcxtrace-comps/examples/SOLEIL/SOLEIL_ROCK/SOLEIL_ROCK.instr,bragg_crystal_two,bragg_crystal,EXTEND
McXtrace,./mcxtrace-comps/examples/SOLEIL/SOLEIL_ROCK/SOLEIL_ROCK.instr,EnergyMonitor_after_sample,EnergyMonitor_before_sample,
McXtrace,./mcxtrace-comps/examples/SOLEIL/SOLEIL_SIXS/SOLEIL_SIXS.instr,slit_mon_xy,mon_src_xy,
McXtrace,./mcxtrace-comps/examples/SOLEIL/SOLEIL_SIXS/SOLEIL_SIXS.instr,dcm_xtal1,dcm_xtal0,EXTEND
McXtrace,./mcxtrace-comps/examples/SOLEIL/SOLEIL_SIXS/SOLEIL_SIXS.instr,mon_dcm_e,mon_src_e,
McXtrace,./mcxtrace-comps/examples/SOLEIL/SOLEIL_SIXS/SOLEIL_SIXS.instr,mon_dcm_xy,mon_src_xy,
McXtrace,./mcxtrace-comps/examples/SOLEIL/SOLEIL_SIXS/SOLEIL_SIXS.instr,sample_stage,mon_src_xy,EXTEND
McXtrace,./mcxtrace-comps/examples/SOLEIL/SOLEIL_SIXS/SOLEIL_SIXS.instr,detector_layer,det4pi,WHEN
McXtrace,./mcxtrace-comps/examples/SOLEIL/SOLEIL_SIXS/SOLEIL_SIXS.instr,detector_bulk,det4pi,WHEN
McXtrace,./mcxtrace-comps/examples/SOLEIL/SOLEIL_SWING/SOLEIL_SWING.instr,slit_mon_xy,mon_src_xy,
McXtrace,./mcxtrace-comps/examples/SOLEIL/SOLEIL_SWING/SOLEIL_SWING.instr,dcm_xtal1,dcm_xtal0,EXTEND
McXtrace,./mcxtrace-comps/examples/SOLEIL/SOLEIL_SWING/SOLEIL_SWING.instr,mon_dcm_e,mon_src_e,
McXtrace,./mcxtrace-comps/examples/SOLEIL/SOLEIL_SWING/SOLEIL_SWING.instr,mon_dcm_xy,mon_src_xy,
McXtrace,./mcxtrace-comps/examples/SOLEIL/SOLEIL_SWING/SOLEIL_SWING.instr,vfm_location,mon_src_xy,
McXtrace,./mcxtrace-comps/examples/SOLEIL/SOLEIL_SWING/SOLEIL_SWING.instr,vfm_takeoff,vfm_location,
McXtrace,./mcxtrace-comps/examples/SOLEIL/SOLEIL_SWING/SOLEIL_SWING.instr,hfm_location,vfm_location,
McXtrace,./mcxtrace-comps/examples/SOLEIL/SOLEIL_SWING/SOLEIL_SWING.instr,hfm_takeoff,vfm_location,EXTEND
McXtrace,./mcxtrace-comps/examples/SOLEIL/SOLEIL_SWING/SOLEIL_SWING.instr,sample_stage,mon_src_xy,
McXtrace,./mcxtrace-comps/examples/SSRL/SSRL_bl_11_2_not_white_src/SSRL_bl_11_2_not_white_src.instr,bragg_crystal_two_no_split,bragg_crystal_no_split,EXTEND
McXtrace,./mcxtrace-comps/examples/SSRL/SSRL_bl_11_2_not_white_src/SSRL_bl_11_2_not_white_src.instr,EnergyMonitor_second,EnergyMonitor_first,
McXtrace,./mcxtrace-comps/examples/SSRL/SSRL_bl_11_2_not_white_src/SSRL_bl_11_2_not_white_src.instr,EnergyMonitor_third,EnergyMonitor_first,
McXtrace,./mcxtrace-comps/examples/SSRL/SSRL_bl_11_2_not_white_src/SSRL_bl_11_2_not_white_src.instr,EnergyMonitor_fourth,EnergyMonitor_first,
McXtrace,./mcxtrace-comps/examples/SSRL/SSRL_bl_11_2_white_src/SSRL_bl_11_2_white_src.instr,bragg_crystal_two_split,bragg_crystal_split,EXTEND
McXtrace,./mcxtrace-comps/examples/SSRL/SSRL_bl_11_2_white_src/SSRL_bl_11_2_white_src.instr,EnergyMonitor_second,EnergyMonitor_first,
McXtrace,./mcxtrace-comps/examples/SSRL/SSRL_bl_11_2_white_src/SSRL_bl_11_2_white_src.instr,EnergyMonitor_third,EnergyMonitor_first,
McXtrace,./mcxtrace-comps/examples/SSRL/SSRL_bl_11_2_white_src/SSRL_bl_11_2_white_src.instr,EnergyMonitor_fourth,EnergyMonitor_first,
McXtrace,./mcxtrace-comps/examples/Templates/Template_2Slit_Diff/Template_2Slit_Diff.instr,s2,s1,GROUP
McXtrace,./mcxtrace-comps/examples/Tests/Test_Detector_pn/Test_Detector_pn.instr,detsrc2,detsrc1,
McXtrace,./mcxtrace-comps/examples/Tests/Test_Detector_pn/Test_Detector_pn.instr,pap,psrc,
McXtrace,./mcxtrace-comps/examples/Tests/Test_Detector_pn/Test_Detector_pn.instr,detap1,detsrc1,
McXtrace,./mcxtrace-comps/examples/Tests/Test_Detector_pn/Test_Detector_pn.instr,detap2,detsrc2,
McXtrace,./mcxtrace-comps/examples/Tests/Test_monitors/Test_monitors.instr,epsd1,epsd0,WHEN
McXtrace,./mcxtrace-comps/examples/Tests_grammar/Test_GROUP/Test_GROUP.instr,s2,s1,GROUP
McXtrace,./mcxtrace-comps/examples/Tests_optics/Template_DCM/Template_DCM.instr,dcm_xtal1,dcm_xtal0,
McXtrace,./mcxtrace-comps/examples/Tests_optics/Template_DCM/Template_DCM.instr,emon_dcm1,emon_dcm0,
McXtrace,./mcxtrace-comps/examples/Tests_optics/Test_ML_elliptic/Test_ML_elliptic.instr,psd1,psd0,
McXtrace,./mcxtrace-comps/examples/Tests_optics/Test_ML_elliptic/Test_ML_elliptic.instr,emon1,emon0,
McXtrace,./mcxtrace-comps/examples/Tests_optics/Test_ML_elliptic/Test_ML_elliptic.instr,psdd,psd0,
McXtrace,./mcxtrace-comps/examples/Tests_optics/Test_ML_elliptic/Test_ML_elliptic.instr,emond,emon0,
McXtrace,./mcxtrace-comps/examples/Tests_optics/Test_ML_elliptic/Test_ML_elliptic.instr,emonsingle,emon0,
McXtrace,./mcxtrace-comps/examples/Tests_optics/Test_ML_elliptic/Test_ML_elliptic.instr,psd6,psd1,
McXtrace,./mcxtrace-comps/examples/Tests_optics/Test_ML_elliptic/Test_ML_elliptic.instr,emon6,emon0,
McXtrace,./mcxtrace-comps/examples/Tests_optics/Test_Mask/Test_Mask.instr,psd1,psd0,
McXtrace,./mcxtrace-comps/examples/Tests_optics/Test_Mirror_toroid/Test_Mirror_toroid.instr,psd1,psd0,
McXtrace,./mcxtrace-comps/examples/Tests_optics/Test_Mirror_toroid/Test_Mirror_toroid.instr,psd2,psd0,
McXtrace,./mcxtrace-comps/examples/Tests_optics/Test_Mirror_toroid/Test_Mirror_toroid.instr,psd3,psd2,
McXtrace,./mcxtrace-comps/examples/Tests_optics/Test_Mirrors/Test_Mirrors.instr,psd3,psd2,
McXtrace,./mcxtrace-comps/examples/Tests_optics/Test_Mirrors/Test_Mirrors.instr,psd4,psd2,
McXtrace,./mcxtrace-comps/examples/Tests_optics/Test_capillary/Test_capillary.instr,psd00,psd0,WHEN
McXtrace,./mcxtrace-comps/examples/Tests_optics/Test_capillary/Test_capillary.instr,psd01,psd0,WHEN
McXtrace,./mcxtrace-comps/examples/Tests_optics/Test_capillary/Test_capillary.instr,psd02,psd0,WHEN
McXtrace,./mcxtrace-comps/examples/Tests_optics/Test_capillary/Test_capillary.instr,psd03,psd0,WHEN
McXtrace,./mcxtrace-comps/examples/Tests_optics/Test_capillary/Test_capillary.instr,psd04,psd0,WHEN
McXtrace,./mcxtrace-comps/examples/Tests_optics/Test_capillary/Test_capillary.instr,psd10,psd1,WHEN
McXtrace,./mcxtrace-comps/examples/Tests_optics/Test_capillary/Test_capillary.instr,psd11,psd0,WHEN
McXtrace,./mcxtrace-comps/examples/Tests_optics/Test_capillary/Test_capillary.instr,psd12,psd1,WHEN
McXtrace,./mcxtrace-comps/examples/Tests_optics/Test_capillary/Test_capillary.instr,psd13,psd1,WHEN
McXtrace,./mcxtrace-comps/examples/Tests_optics/Test_capillary/Test_capillary.instr,psd14,psd1,WHEN
McXtrace,./mcxtrace-comps/examples/Tests_samples/Test_Air/Test_Air.instr,fpi_scat,fpi,WHEN
McXtrace,./mcxtrace-comps/examples/Tests_samples/Test_Air/Test_Air.instr,fpi_noscat,fpi,WHEN
McXtrace,./mcxtrace-comps/examples/Tests_samples/Test_Air/Test_Air.instr,psd2,psd1,
McXtrace,./mcxtrace-comps/examples/Tests_samples/Test_Air/Test_Air.instr,div2,div1,
McXtrace,./mcxtrace-comps/examples/Tests_samples/Test_FluoPowder/Test_FluoPowder.instr,FluoG,Fluo,EXTEND+GROUP+WHEN
McXtrace,./mcxtrace-comps/examples/Tests_samples/Test_FluoPowder/Test_FluoPowder.instr,PowG,Pow,EXTEND+GROUP+WHEN
McXtrace,./mcxtrace-comps/examples/Tests_samples/Test_FluoPowder/Test_FluoPowder.instr,Sph_mon_pow,Sph_mon,WHEN
McXtrace,./mcxtrace-comps/examples/Tests_samples/Test_FluoPowder/Test_FluoPowder.instr,Sph_mon_flu,Sph_mon,WHEN
McXtrace,./mcxtrace-comps/examples/Tests_samples/Test_FluoPowder/Test_FluoPowder.instr,E_mon_pow,E_mon,WHEN
McXtrace,./mcxtrace-comps/examples/Tests_samples/Test_FluoPowder/Test_FluoPowder.instr,E_mon_flu,E_mon,WHEN
McXtrace,./mcxtrace-comps/examples/Tests_samples/Test_Fluorescence/Test_Fluorescence.instr,emon_Compton,emon_fluo,WHEN
McXtrace,./mcxtrace-comps/examples/Tests_samples/Test_Fluorescence/Test_Fluorescence.instr,emon_Rayleigh,emon_fluo,WHEN
McXtrace,./mcxtrace-comps/examples/Tests_samples/Test_SX/Test_SX.instr,SX,sample,EXTEND+GROUP+WHEN
McXtrace,./mcxtrace-comps/examples/Tests_sources/Test_BM/Test_BM.instr,psd1,psd0,
McXtrace,./mcxtrace-comps/examples/Tests_sources/Test_BM/Test_BM.instr,psd2,psd0,
McXtrace,./mcxtrace-comps/examples/Tests_sources/Test_BM/Test_BM.instr,psd3,psd0,
McXtrace,./mcxtrace-comps/examples/Tests_sources/Test_BM/Test_BM.instr,psd4,psd0,
McXtrace,./mcxtrace-comps/examples/Tests_sources/Test_BM/Test_BM.instr,psd5,psd0,
McXtrace,./mcxtrace-comps/examples/Tests_sources/Test_undulator/Test_undulator.instr,e_monitor1,e_monitor,
McXtrace,./mcxtrace-comps/examples/Tests_sources/Test_undulator/Test_undulator.instr,psd_monitor1,psd_monitor,
McXtrace,./mcxtrace-comps/examples/XFEL/XFEL_SPB/XFEL_SPB.instr,psd_l,psd0,
McXtrace,./mcxtrace-comps/examples/XFEL/XFEL_SPB/XFEL_SPB.instr,emon_l,emon0,
McXtrace,./mcxtrace-comps/examples/XFEL/XFEL_SPB/XFEL_SPB.instr,offset_mirror2,offset_mirror1,
McXtrace,./mcxtrace-comps/examples/XFEL/XFEL_SPB/XFEL_SPB.instr,psd_om,psd0,
McXtrace,./mcxtrace-comps/examples/XFEL/XFEL_SPB/XFEL_SPB.instr,emon_om,emon0,
McXtrace,./mcxtrace-comps/examples/XFEL/XFEL_SPB/XFEL_SPB.instr,psd_dm,psd0,
McXtrace,./mcxtrace-comps/examples/XFEL/XFEL_SPB/XFEL_SPB.instr,emon_dm,emon0,
McXtrace,./mcxtrace-comps/examples/XFEL/XFEL_SPB/XFEL_SPB.instr,mono2,mono1,EXTEND
McXtrace,./mcxtrace-comps/examples/XFEL/XFEL_SPB/XFEL_SPB.instr,psd_dcm,psd0,
McXtrace,./mcxtrace-comps/examples/XFEL/XFEL_SPB/XFEL_SPB.instr,emon_dcm,emon0,
McXtrace,./mcxtrace-comps/examples/XFEL/XFEL_SPB/XFEL_SPB.instr,kb_mirror1v,kb_mirror1h,EXTEND
McXtrace,./mcxtrace-comps/examples/XFEL/XFEL_SPB/XFEL_SPB.instr,kb_mirror2v,kb_mirror2h,
